participant_id,age,gender,daily_ai_usage,purpose_of_ai_use,EI1,EI2,EI3,EI4,EI5,EI6,EI7,EI8,EI9,EI10,TRUST1,TRUST2,TRUST3,TRUST4,TRUST5,TRUST6,EMPATHY1,EMPATHY2,EMPATHY3,EMPATHY4,EMPATHY5,RELIANCE1,RELIANCE2,RELIANCE3,RELIANCE4,COMFORT1,COMFORT2,COMFORT3,ei_score,trust_score,perceived_empathy_score,emotional_reliance_score,comfort_score
P001,22,Female,Low,Entertainment,3.0,4.0,3.0,3.0,3.0,3.0,3.0,3.0,3.0,3.0,3.0,3.0,2.0,2.0,3.0,3.0,4.0,4.0,4.0,3.0,3.0,4.0,2.0,1.0,2.0,3.0,5.0,3.0,3.1,2.6666666666666665,3.6,2.25,3.6666666666666665
P002,34,Female,Medium,Entertainment,3.0,3.0,,5.0,3.0,3.0,3.0,3.0,4.0,3.0,3.0,3.0,2.0,2.0,3.0,4.0,3.0,4.0,5.0,4.0,3.0,4.0,3.0,3.0,3.0,4.0,3.0,5.0,3.3333333333333335,2.8333333333333335,3.8,3.25,4.0
P003,28,Male,High,Study,3.0,3.0,4.0,2.0,3.0,3.0,3.0,3.0,3.0,3.0,,4.0,4.0,5.0,5.0,5.0,3.0,3.0,3.0,3.0,4.0,4.0,4.0,5.0,5.0,5.0,5.0,4.0,3.0,4.6,3.2,4.5,4.666666666666667
P004,26,Female,Medium,Study,3.0,4.0,3.0,4.0,4.0,3.0,3.0,3.0,5.0,3.0,3.0,5.0,4.0,3.0,3.0,4.0,3.0,2.0,3.0,3.0,3.0,4.0,4.0,4.0,4.0,4.0,5.0,4.0,3.5,3.6666666666666665,2.8,4.0,4.333333333333333
P005,19,Female,High,Entertainment,4.0,2.0,4.0,4.0,5.0,3.0,4.0,4.0,4.0,4.0,5.0,4.0,5.0,5.0,4.0,5.0,3.0,4.0,3.0,3.0,4.0,4.0,5.0,5.0,5.0,5.0,5.0,5.0,3.8,4.666666666666667,3.4,4.75,5.0
P006,19,Male,Medium,Entertainment,3.0,3.0,3.0,3.0,3.0,3.0,3.0,4.0,4.0,4.0,3.0,4.0,2.0,3.0,3.0,2.0,4.0,3.0,2.0,3.0,3.0,4.0,2.0,4.0,4.0,4.0,5.0,5.0,3.3,2.8333333333333335,3.0,3.5,4.666666666666667
P007,18,Female,Medium,Entertainment,4.0,4.0,4.0,4.0,5.0,4.0,4.0,4.0,5.0,5.0,3.0,4.0,4.0,4.0,4.0,4.0,5.0,4.0,5.0,5.0,5.0,4.0,5.0,3.0,4.0,5.0,4.0,5.0,4.3,3.8333333333333335,4.8,4.0,4.666666666666667
P008,31,Female,High,Entertainment,3.0,4.0,3.0,3.0,3.0,4.0,3.0,4.0,4.0,4.0,5.0,4.0,3.0,5.0,4.0,3.0,4.0,3.0,4.0,4.0,3.0,4.0,3.0,4.0,3.0,4.0,4.0,4.0,3.5,4.0,3.6,3.5,4.0
P009,26,Female,Low,Productivity,4.0,3.0,4.0,4.0,4.0,3.0,3.0,3.0,3.0,3.0,3.0,3.0,3.0,3.0,3.0,3.0,4.0,4.0,4.0,4.0,5.0,4.0,5.0,2.0,4.0,4.0,4.0,4.0,3.4,3.0,4.2,3.75,4.0
P010,28,Female,Medium,Productivity,3.0,3.0,3.0,3.0,,4.0,4.0,3.0,3.0,4.0,3.0,3.0,3.0,4.0,3.0,3.0,3.0,3.0,5.0,4.0,3.0,3.0,4.0,4.0,5.0,4.0,4.0,5.0,3.3333333333333335,3.1666666666666665,3.6,4.0,4.333333333333333
P011,18,Female,Low,Productivity,2.0,2.0,2.0,1.0,2.0,2.0,2.0,2.0,2.0,2.0,3.0,3.0,4.0,3.0,2.0,3.0,2.0,2.0,3.0,1.0,2.0,3.0,3.0,3.0,4.0,3.0,3.0,4.0,1.9,3.0,2.0,3.25,3.3333333333333335
P012,34,Male,High,Productivity,4.0,4.0,4.0,5.0,4.0,4.0,3.0,4.0,5.0,5.0,4.0,5.0,5.0,5.0,5.0,5.0,4.0,4.0,5.0,4.0,4.0,5.0,5.0,4.0,4.0,4.0,4.0,,4.2,4.833333333333333,4.2,4.5,4.0
P013,30,Female,High,Social,4.0,3.0,3.0,4.0,3.0,4.0,4.0,4.0,4.0,4.0,5.0,5.0,4.0,5.0,5.0,5.0,4.0,3.0,4.0,3.0,4.0,4.0,4.0,5.0,5.0,3.0,3.0,3.0,3.7,4.833333333333333,3.6,4.5,3.0
P014,20,Female,Low,Study,3.0,3.0,3.0,3.0,3.0,3.0,3.0,4.0,3.0,4.0,2.0,3.0,2.0,2.0,2.0,2.0,3.0,3.0,4.0,2.0,3.0,3.0,4.0,3.0,3.0,3.0,4.0,3.0,3.2,2.1666666666666665,3.0,3.25,3.3333333333333335
P015,20,Male,Medium,Study,2.0,3.0,4.0,,4.0,4.0,3.0,4.0,3.0,4.0,3.0,3.0,3.0,4.0,3.0,4.0,3.0,4.0,5.0,4.0,4.0,4.0,5.0,4.0,5.0,4.0,5.0,5.0,3.4444444444444446,3.3333333333333335,4.0,4.5,4.666666666666667
P016,20,Male,High,Study,4.0,4.0,4.0,4.0,4.0,3.0,5.0,4.0,4.0,4.0,4.0,4.0,4.0,4.0,4.0,3.0,3.0,3.0,4.0,3.0,3.0,5.0,5.0,5.0,4.0,5.0,4.0,4.0,4.0,3.8333333333333335,3.2,4.75,4.333333333333333
P017,21,Male,Low,Productivity,3.0,3.0,3.0,3.0,2.0,3.0,2.0,3.0,3.0,3.0,5.0,5.0,4.0,4.0,5.0,4.0,4.0,3.0,3.0,3.0,3.0,4.0,4.0,3.0,3.0,4.0,3.0,3.0,2.8,4.5,3.2,3.5,3.3333333333333335
P018,25,Female,Medium,Social,4.0,3.0,4.0,4.0,4.0,3.0,3.0,3.0,3.0,4.0,3.0,3.0,3.0,4.0,,2.0,3.0,2.0,2.0,1.0,2.0,2.0,3.0,3.0,4.0,4.0,2.0,2.0,3.5,3.0,2.0,3.0,2.6666666666666665
P019,23,Other,High,Study,4.0,4.0,3.0,4.0,4.0,3.0,3.0,4.0,4.0,4.0,4.0,4.0,4.0,3.0,4.0,4.0,5.0,4.0,4.0,4.0,4.0,5.0,4.0,4.0,4.0,4.0,5.0,5.0,3.7,3.8333333333333335,4.2,4.25,4.666666666666667
P020,21,Male,Low,Social,3.0,2.0,4.0,3.0,2.0,3.0,3.0,2.0,2.0,2.0,3.0,3.0,2.0,3.0,2.0,3.0,3.0,3.0,3.0,2.0,2.0,3.0,4.0,5.0,3.0,4.0,3.0,3.0,2.6,2.6666666666666665,2.6,3.75,3.3333333333333335
P021,26,Female,Medium,Study,4.0,3.0,4.0,4.0,3.0,4.0,4.0,3.0,,5.0,2.0,3.0,4.0,3.0,3.0,3.0,,3.0,3.0,3.0,2.0,4.0,4.0,4.0,3.0,5.0,5.0,4.0,3.7777777777777777,3.0,2.75,3.75,4.666666666666667
P022,19,Male,Medium,Social,3.0,3.0,4.0,3.0,3.0,2.0,2.0,2.0,3.0,2.0,5.0,3.0,5.0,5.0,4.0,4.0,3.0,2.0,4.0,3.0,4.0,3.0,5.0,4.0,4.0,4.0,4.0,4.0,2.7,4.333333333333333,3.2,4.0,4.0
P023,21,Female,High,Study,3.0,5.0,3.0,3.0,3.0,3.0,4.0,3.0,5.0,4.0,5.0,4.0,4.0,3.0,4.0,4.0,3.0,4.0,,4.0,5.0,3.0,3.0,3.0,3.0,3.0,4.0,5.0,3.6,4.0,4.0,3.0,4.0
P024,22,Female,High,Study,3.0,3.0,4.0,4.0,3.0,3.0,3.0,2.0,3.0,4.0,4.0,3.0,3.0,4.0,4.0,4.0,4.0,3.0,4.0,4.0,4.0,4.0,4.0,5.0,5.0,4.0,5.0,4.0,3.2,3.6666666666666665,3.8,4.5,4.333333333333333
P025,23,Female,High,Entertainment,3.0,3.0,3.0,2.0,2.0,2.0,3.0,2.0,2.0,2.0,2.0,2.0,2.0,2.0,2.0,2.0,3.0,4.0,3.0,4.0,3.0,3.0,2.0,3.0,4.0,3.0,4.0,3.0,2.4,2.0,3.4,3.0,3.3333333333333335
P026,29,Male,Medium,Study,5.0,5.0,4.0,4.0,3.0,5.0,5.0,4.0,4.0,3.0,4.0,5.0,4.0,4.0,4.0,5.0,5.0,5.0,5.0,5.0,5.0,5.0,5.0,5.0,5.0,5.0,4.0,4.0,4.2,4.333333333333333,5.0,5.0,4.333333333333333
P027,20,Male,High,Study,3.0,3.0,3.0,2.0,3.0,3.0,3.0,2.0,2.0,3.0,3.0,3.0,4.0,4.0,3.0,4.0,5.0,3.0,4.0,2.0,3.0,5.0,3.0,4.0,4.0,4.0,3.0,2.0,2.7,3.5,3.4,4.0,3.0
P028,24,Male,High,Study,3.0,4.0,3.0,2.0,3.0,3.0,4.0,3.0,4.0,2.0,2.0,3.0,2.0,3.0,4.0,3.0,4.0,3.0,4.0,2.0,4.0,4.0,4.0,4.0,4.0,5.0,4.0,4.0,3.1,2.8333333333333335,3.4,4.0,4.333333333333333
P029,26,Male,Medium,Productivity,4.0,4.0,4.0,5.0,4.0,4.0,3.0,5.0,4.0,3.0,5.0,5.0,5.0,4.0,5.0,4.0,4.0,4.0,4.0,4.0,3.0,4.0,4.0,4.0,4.0,4.0,5.0,5.0,4.0,4.666666666666667,3.8,4.0,4.666666666666667
P030,18,Female,High,Entertainment,4.0,4.0,4.0,5.0,4.0,3.0,4.0,5.0,4.0,4.0,5.0,4.0,4.0,5.0,5.0,5.0,4.0,4.0,4.0,4.0,5.0,3.0,5.0,5.0,4.0,5.0,4.0,5.0,4.1,4.666666666666667,4.2,4.25,4.666666666666667
P031,26,Female,Low,Study,2.0,3.0,2.0,4.0,4.0,3.0,3.0,4.0,4.0,3.0,3.0,2.0,3.0,3.0,3.0,3.0,2.0,3.0,2.0,1.0,3.0,3.0,3.0,3.0,3.0,2.0,2.0,3.0,3.2,2.8333333333333335,2.2,3.0,2.3333333333333335
P032,20,Other,Medium,Productivity,2.0,4.0,3.0,3.0,2.0,4.0,3.0,4.0,3.0,2.0,4.0,4.0,5.0,3.0,4.0,5.0,3.0,4.0,3.0,4.0,3.0,5.0,5.0,4.0,5.0,5.0,5.0,5.0,3.0,4.166666666666667,3.4,4.75,5.0
P033,18,Other,Low,Productivity,3.0,4.0,3.0,4.0,4.0,3.0,4.0,4.0,3.0,4.0,5.0,5.0,4.0,4.0,5.0,4.0,3.0,3.0,3.0,4.0,3.0,3.0,2.0,2.0,3.0,3.0,3.0,3.0,3.6,4.5,3.2,2.5,3.0
P034,33,Female,Low,Study,3.0,4.0,4.0,3.0,4.0,5.0,5.0,3.0,4.0,4.0,3.0,2.0,3.0,2.0,3.0,4.0,4.0,3.0,2.0,3.0,2.0,4.0,4.0,4.0,4.0,2.0,4.0,5.0,3.9,2.8333333333333335,2.8,4.0,3.6666666666666665
P035,34,Female,Low,Entertainment,3.0,3.0,4.0,3.0,4.0,4.0,4.0,3.0,3.0,4.0,4.0,3.0,3.0,4.0,3.0,3.0,4.0,4.0,4.0,3.0,4.0,3.0,1.0,2.0,3.0,4.0,4.0,4.0,3.5,3.3333333333333335,3.8,2.25,4.0
P036,30,Female,Medium,Study,3.0,3.0,4.0,3.0,3.0,4.0,4.0,2.0,2.0,3.0,5.0,4.0,3.0,4.0,4.0,3.0,3.0,3.0,2.0,3.0,2.0,4.0,4.0,4.0,4.0,2.0,2.0,3.0,3.1,3.8333333333333335,2.6,4.0,2.3333333333333335
P037,21,Female,Medium,Study,3.0,3.0,2.0,4.0,4.0,3.0,3.0,4.0,3.0,2.0,4.0,3.0,4.0,4.0,2.0,4.0,4.0,2.0,3.0,3.0,3.0,4.0,4.0,4.0,3.0,4.0,4.0,4.0,3.1,3.5,3.0,3.75,4.0
P038,19,Male,Medium,Productivity,4.0,3.0,3.0,3.0,3.0,3.0,3.0,4.0,3.0,4.0,4.0,5.0,5.0,4.0,5.0,4.0,3.0,4.0,5.0,4.0,4.0,4.0,3.0,3.0,3.0,5.0,2.0,5.0,3.3,4.5,4.0,3.25,4.0
P039,27,Male,Low,Study,3.0,4.0,2.0,3.0,2.0,2.0,2.0,3.0,3.0,3.0,3.0,3.0,2.0,3.0,3.0,3.0,3.0,2.0,3.0,2.0,3.0,2.0,2.0,2.0,3.0,3.0,3.0,5.0,2.7,2.8333333333333335,2.6,2.25,3.6666666666666665
P040,23,Male,Medium,Entertainment,2.0,2.0,2.0,2.0,3.0,2.0,1.0,2.0,2.0,1.0,3.0,3.0,3.0,3.0,4.0,3.0,2.0,4.0,3.0,4.0,3.0,4.0,4.0,4.0,5.0,3.0,3.0,3.0,1.9,3.1666666666666665,3.2,4.25,3.0
P041,19,Female,Medium,Productivity,4.0,4.0,4.0,5.0,4.0,4.0,3.0,3.0,4.0,4.0,3.0,4.0,2.0,3.0,3.0,5.0,3.0,3.0,3.0,2.0,2.0,5.0,5.0,3.0,3.0,5.0,,5.0,3.9,3.3333333333333335,2.6,4.0,5.0
P042,24,Female,High,Study,3.0,4.0,4.0,3.0,4.0,3.0,5.0,4.0,3.0,4.0,5.0,5.0,4.0,5.0,5.0,5.0,4.0,5.0,4.0,5.0,4.0,5.0,5.0,5.0,5.0,4.0,4.0,5.0,3.7,4.833333333333333,4.4,5.0,4.333333333333333
P043,18,Male,Medium,Entertainment,3.0,3.0,2.0,3.0,3.0,2.0,2.0,3.0,2.0,1.0,4.0,4.0,4.0,4.0,3.0,4.0,3.0,4.0,3.0,3.0,3.0,3.0,4.0,4.0,4.0,3.0,4.0,2.0,2.4,3.8333333333333335,3.2,3.75,3.0
P044,32,Female,Medium,Study,3.0,2.0,4.0,4.0,2.0,3.0,3.0,2.0,3.0,4.0,3.0,3.0,4.0,3.0,3.0,3.0,3.0,2.0,3.0,2.0,2.0,4.0,5.0,5.0,4.0,3.0,2.0,2.0,3.0,3.1666666666666665,2.4,4.5,2.3333333333333335
P045,21,Female,High,Social,4.0,3.0,4.0,3.0,4.0,4.0,4.0,4.0,3.0,3.0,3.0,3.0,4.0,4.0,3.0,3.0,5.0,5.0,5.0,5.0,5.0,5.0,5.0,5.0,5.0,5.0,5.0,4.0,3.6,3.3333333333333335,5.0,5.0,4.666666666666667
P046,27,Male,Medium,Entertainment,4.0,5.0,5.0,5.0,4.0,5.0,4.0,4.0,5.0,4.0,3.0,4.0,4.0,4.0,4.0,5.0,4.0,4.0,4.0,4.0,5.0,5.0,5.0,4.0,5.0,4.0,5.0,4.0,4.5,4.0,4.2,4.75,4.333333333333333
P047,21,Male,Low,Productivity,2.0,4.0,3.0,4.0,3.0,4.0,3.0,3.0,4.0,2.0,4.0,4.0,4.0,4.0,4.0,4.0,3.0,3.0,3.0,4.0,3.0,3.0,5.0,5.0,4.0,3.0,3.0,3.0,3.2,4.0,3.2,4.25,3.0
P048,25,Female,Low,Entertainment,4.0,3.0,3.0,3.0,3.0,4.0,3.0,3.0,3.0,4.0,3.0,3.0,3.0,3.0,3.0,3.0,2.0,3.0,2.0,3.0,2.0,4.0,3.0,3.0,4.0,,4.0,4.0,3.3,3.0,2.4,3.5,4.0
P049,25,Female,High,Study,4.0,2.0,3.0,3.0,2.0,3.0,4.0,3.0,3.0,3.0,4.0,3.0,5.0,4.0,4.0,3.0,2.0,4.0,4.0,3.0,2.0,4.0,4.0,3.0,3.0,4.0,4.0,4.0,3.0,3.8333333333333335,3.0,3.5,4.0
P050,20,Female,Low,Productivity,4.0,5.0,5.0,4.0,4.0,5.0,4.0,4.0,4.0,4.0,4.0,5.0,4.0,3.0,3.0,4.0,3.0,4.0,3.0,4.0,4.0,5.0,3.0,3.0,4.0,3.0,4.0,3.0,4.3,3.8333333333333335,3.6,3.75,3.3333333333333335
P051,34,Female,High,Social,3.0,3.0,4.0,4.0,4.0,4.0,3.0,3.0,3.0,4.0,4.0,4.0,3.0,4.0,4.0,3.0,3.0,3.0,3.0,4.0,4.0,4.0,5.0,5.0,5.0,5.0,4.0,4.0,3.5,3.6666666666666665,3.4,4.75,4.333333333333333
P052,29,Female,Medium,Productivity,4.0,2.0,4.0,3.0,4.0,,3.0,4.0,3.0,3.0,4.0,3.0,3.0,2.0,3.0,3.0,4.0,3.0,2.0,4.0,3.0,3.0,2.0,3.0,2.0,4.0,5.0,4.0,3.3333333333333335,3.0,3.2,2.5,4.333333333333333
P053,33,Female,High,Productivity,3.0,3.0,3.0,4.0,3.0,3.0,3.0,3.0,3.0,3.0,4.0,5.0,4.0,4.0,5.0,4.0,4.0,4.0,4.0,4.0,3.0,3.0,4.0,3.0,5.0,5.0,5.0,3.0,3.1,4.333333333333333,3.8,3.75,4.333333333333333
P054,32,Female,High,Social,4.0,3.0,3.0,3.0,3.0,3.0,3.0,3.0,4.0,2.0,3.0,4.0,,2.0,2.0,3.0,2.0,3.0,2.0,3.0,4.0,4.0,4.0,3.0,4.0,4.0,4.0,4.0,3.1,2.8,2.8,3.75,4.0
P055,26,Female,High,Study,3.0,3.0,3.0,3.0,3.0,3.0,3.0,3.0,5.0,3.0,4.0,2.0,3.0,3.0,3.0,3.0,3.0,,2.0,3.0,4.0,4.0,4.0,4.0,4.0,3.0,3.0,3.0,3.2,3.0,3.0,4.0,3.0
P056,33,Male,Medium,Study,5.0,3.0,5.0,5.0,5.0,5.0,4.0,4.0,4.0,4.0,4.0,4.0,4.0,4.0,4.0,4.0,5.0,4.0,4.0,5.0,4.0,4.0,5.0,5.0,5.0,5.0,5.0,5.0,4.4,4.0,4.4,4.75,5.0
P057,19,Male,High,Productivity,3.0,4.0,4.0,3.0,3.0,4.0,3.0,4.0,4.0,3.0,4.0,3.0,3.0,4.0,3.0,3.0,3.0,1.0,2.0,2.0,3.0,5.0,5.0,5.0,4.0,3.0,3.0,2.0,3.5,3.3333333333333335,2.2,4.75,2.6666666666666665
P058,20,Male,Medium,Entertainment,4.0,4.0,2.0,3.0,3.0,3.0,3.0,3.0,3.0,3.0,4.0,4.0,4.0,3.0,3.0,3.0,3.0,4.0,3.0,3.0,2.0,5.0,4.0,4.0,4.0,3.0,2.0,4.0,3.1,3.5,3.0,4.25,3.0
P059,18,Female,Medium,Productivity,3.0,4.0,3.0,3.0,4.0,3.0,3.0,4.0,4.0,4.0,5.0,4.0,3.0,3.0,3.0,4.0,3.0,3.0,4.0,3.0,3.0,5.0,5.0,3.0,3.0,5.0,3.0,3.0,3.5,3.6666666666666665,3.2,4.0,3.6666666666666665
P060,22,Female,Medium,Social,2.0,2.0,2.0,3.0,2.0,1.0,4.0,4.0,2.0,3.0,2.0,2.0,2.0,2.0,2.0,3.0,3.0,4.0,3.0,2.0,3.0,2.0,2.0,2.0,2.0,3.0,2.0,3.0,2.5,2.1666666666666665,3.0,2.0,2.6666666666666665
P061,22,Female,High,Study,4.0,4.0,4.0,4.0,5.0,5.0,4.0,5.0,4.0,3.0,5.0,4.0,4.0,5.0,4.0,4.0,4.0,4.0,5.0,4.0,4.0,4.0,3.0,4.0,4.0,4.0,4.0,5.0,4.2,4.333333333333333,4.2,3.75,4.333333333333333
P062,21,Male,High,Study,3.0,3.0,3.0,4.0,2.0,3.0,3.0,3.0,3.0,5.0,3.0,2.0,4.0,3.0,3.0,3.0,3.0,4.0,3.0,3.0,3.0,3.0,3.0,4.0,3.0,4.0,4.0,5.0,3.2,3.0,3.2,3.25,4.333333333333333
P063,30,Male,High,Productivity,4.0,4.0,4.0,4.0,4.0,3.0,3.0,3.0,3.0,4.0,5.0,5.0,5.0,5.0,5.0,5.0,4.0,4.0,5.0,5.0,3.0,,4.0,4.0,5.0,5.0,5.0,5.0,3.6,5.0,4.2,4.333333333333333,5.0
P064,22,Male,Medium,Study,5.0,5.0,5.0,5.0,5.0,5.0,5.0,4.0,4.0,5.0,5.0,4.0,4.0,4.0,4.0,4.0,5.0,5.0,4.0,4.0,4.0,5.0,4.0,5.0,5.0,3.0,4.0,4.0,4.8,4.166666666666667,4.4,4.75,3.6666666666666665
P065,21,Male,Medium,Productivity,3.0,3.0,3.0,3.0,3.0,4.0,5.0,3.0,4.0,4.0,5.0,5.0,5.0,5.0,5.0,4.0,4.0,,5.0,5.0,5.0,4.0,4.0,4.0,4.0,4.0,3.0,4.0,3.5,4.833333333333333,4.75,4.0,3.6666666666666665
P066,25,Female,Medium,Entertainment,2.0,3.0,3.0,3.0,2.0,1.0,3.0,3.0,3.0,4.0,5.0,4.0,4.0,4.0,4.0,5.0,3.0,3.0,3.0,2.0,4.0,5.0,4.0,5.0,4.0,5.0,5.0,5.0,2.7,4.333333333333333,3.0,4.5,5.0
P067,19,Male,Low,Productivity,2.0,3.0,4.0,4.0,3.0,3.0,2.0,3.0,3.0,2.0,3.0,3.0,2.0,3.0,3.0,3.0,2.0,3.0,2.0,2.0,2.0,4.0,3.0,5.0,3.0,4.0,4.0,4.0,2.9,2.8333333333333335,2.2,3.75,4.0
P068,30,Male,Low,Study,4.0,5.0,5.0,5.0,3.0,4.0,,4.0,4.0,4.0,,4.0,4.0,3.0,5.0,5.0,4.0,4.0,4.0,4.0,4.0,5.0,5.0,4.0,4.0,4.0,5.0,5.0,4.222222222222222,4.2,4.0,4.5,4.666666666666667
P069,18,Female,Medium,Productivity,5.0,4.0,3.0,3.0,3.0,3.0,3.0,3.0,3.0,2.0,2.0,4.0,5.0,,4.0,3.0,4.0,3.0,4.0,4.0,2.0,,4.0,5.0,5.0,3.0,3.0,3.0,3.2,3.6,3.4,4.666666666666667,3.0
P070,35,Male,Medium,Entertainment,3.0,3.0,2.0,3.0,3.0,4.0,2.0,2.0,3.0,3.0,2.0,3.0,3.0,3.0,3.0,4.0,2.0,2.0,2.0,3.0,2.0,4.0,3.0,2.0,2.0,4.0,3.0,4.0,2.8,3.0,2.2,2.75,3.6666666666666665
P071,29,Female,Medium,Entertainment,4.0,4.0,4.0,3.0,5.0,3.0,4.0,3.0,4.0,4.0,4.0,4.0,4.0,4.0,4.0,3.0,4.0,3.0,3.0,4.0,4.0,4.0,5.0,4.0,5.0,5.0,4.0,5.0,3.8,3.8333333333333335,3.6,4.5,4.666666666666667
P072,20,Female,Low,Study,3.0,4.0,3.0,3.0,3.0,3.0,3.0,3.0,3.0,3.0,3.0,4.0,2.0,4.0,3.0,2.0,3.0,3.0,3.0,4.0,3.0,3.0,4.0,3.0,3.0,4.0,4.0,5.0,3.1,3.0,3.2,3.25,4.333333333333333
P073,18,Male,Low,Productivity,4.0,5.0,4.0,5.0,5.0,5.0,5.0,5.0,5.0,4.0,5.0,4.0,5.0,5.0,5.0,5.0,5.0,3.0,5.0,4.0,5.0,4.0,5.0,5.0,5.0,5.0,4.0,4.0,4.7,4.833333333333333,4.4,4.75,4.333333333333333
P074,30,Female,Low,Productivity,4.0,4.0,5.0,4.0,3.0,5.0,4.0,4.0,4.0,3.0,4.0,4.0,4.0,4.0,5.0,3.0,3.0,3.0,2.0,4.0,3.0,5.0,5.0,5.0,5.0,3.0,4.0,4.0,4.0,4.0,3.0,5.0,3.6666666666666665
P075,28,Female,High,Study,3.0,4.0,2.0,3.0,3.0,3.0,3.0,3.0,4.0,3.0,5.0,5.0,5.0,5.0,4.0,4.0,3.0,3.0,4.0,3.0,4.0,5.0,5.0,5.0,5.0,3.0,4.0,5.0,3.1,4.666666666666667,3.4,5.0,4.0
P076,28,Female,Medium,Study,5.0,5.0,5.0,5.0,5.0,4.0,4.0,5.0,5.0,5.0,4.0,5.0,3.0,4.0,4.0,4.0,5.0,4.0,4.0,5.0,3.0,5.0,4.0,5.0,5.0,5.0,5.0,5.0,4.8,4.0,4.2,4.75,5.0
P077,29,Male,Medium,Study,4.0,3.0,4.0,3.0,3.0,4.0,4.0,3.0,3.0,3.0,3.0,3.0,3.0,4.0,3.0,4.0,4.0,4.0,3.0,,4.0,3.0,3.0,2.0,4.0,5.0,,4.0,3.4,3.3333333333333335,3.75,3.0,4.5
P078,18,Female,Medium,Productivity,4.0,4.0,4.0,3.0,5.0,4.0,4.0,4.0,3.0,4.0,5.0,5.0,4.0,5.0,5.0,5.0,4.0,4.0,5.0,3.0,3.0,5.0,4.0,5.0,5.0,4.0,,4.0,3.9,4.833333333333333,3.8,4.75,4.0
P079,22,Female,Low,Productivity,4.0,4.0,4.0,4.0,4.0,3.0,4.0,3.0,4.0,3.0,5.0,5.0,5.0,5.0,3.0,5.0,5.0,5.0,4.0,3.0,4.0,4.0,4.0,5.0,4.0,4.0,3.0,3.0,3.7,4.666666666666667,4.2,4.25,3.3333333333333335
P080,19,Male,High,Entertainment,3.0,3.0,3.0,3.0,3.0,3.0,3.0,3.0,3.0,3.0,4.0,3.0,3.0,3.0,3.0,3.0,3.0,3.0,4.0,2.0,3.0,3.0,3.0,4.0,3.0,4.0,5.0,5.0,3.0,3.1666666666666665,3.0,3.25,4.666666666666667
P081,31,Male,High,Study,3.0,3.0,2.0,3.0,4.0,3.0,3.0,3.0,4.0,,5.0,4.0,4.0,4.0,5.0,5.0,3.0,4.0,4.0,4.0,4.0,5.0,4.0,3.0,4.0,5.0,5.0,5.0,3.111111111111111,4.5,3.8,4.0,5.0
P082,26,Other,Low,Entertainment,4.0,4.0,5.0,4.0,5.0,4.0,4.0,4.0,4.0,3.0,4.0,4.0,4.0,3.0,5.0,4.0,4.0,3.0,4.0,4.0,3.0,5.0,5.0,5.0,4.0,4.0,4.0,4.0,4.1,4.0,3.6,4.75,4.0
P083,22,Female,Medium,Entertainment,3.0,4.0,3.0,3.0,3.0,3.0,2.0,3.0,3.0,3.0,4.0,4.0,4.0,5.0,5.0,5.0,3.0,3.0,3.0,2.0,3.0,4.0,4.0,4.0,3.0,4.0,,3.0,3.0,4.5,2.8,3.75,3.5
P084,18,Male,High,Entertainment,3.0,4.0,3.0,3.0,3.0,1.0,3.0,4.0,2.0,3.0,3.0,3.0,3.0,3.0,3.0,4.0,4.0,4.0,4.0,4.0,4.0,4.0,5.0,5.0,4.0,3.0,4.0,4.0,2.9,3.1666666666666665,4.0,4.5,3.6666666666666665
P085,21,Female,High,Social,3.0,3.0,3.0,3.0,3.0,3.0,3.0,4.0,4.0,3.0,3.0,3.0,2.0,2.0,2.0,3.0,3.0,3.0,3.0,3.0,3.0,4.0,3.0,4.0,3.0,5.0,5.0,5.0,3.2,2.5,3.0,3.5,5.0
P086,22,Male,Medium,Study,5.0,4.0,3.0,4.0,4.0,3.0,4.0,3.0,3.0,3.0,4.0,4.0,3.0,3.0,3.0,3.0,3.0,4.0,3.0,2.0,3.0,4.0,5.0,4.0,4.0,3.0,3.0,3.0,3.6,3.3333333333333335,3.0,4.25,3.0
P087,28,Male,Medium,Productivity,4.0,4.0,5.0,4.0,5.0,3.0,4.0,4.0,5.0,4.0,5.0,5.0,5.0,5.0,5.0,5.0,3.0,4.0,4.0,5.0,3.0,4.0,4.0,4.0,4.0,4.0,5.0,5.0,4.2,5.0,3.8,4.0,4.666666666666667
P088,26,Male,Low,Entertainment,2.0,3.0,3.0,3.0,3.0,1.0,2.0,3.0,3.0,3.0,3.0,2.0,2.0,3.0,2.0,3.0,4.0,3.0,3.0,4.0,4.0,3.0,4.0,3.0,3.0,,4.0,2.0,2.6,2.5,3.6,3.25,3.0
P089,32,Male,High,Entertainment,4.0,5.0,4.0,3.0,4.0,4.0,3.0,4.0,3.0,3.0,2.0,1.0,2.0,2.0,1.0,2.0,1.0,1.0,2.0,2.0,2.0,4.0,,3.0,2.0,4.0,5.0,5.0,3.7,1.6666666666666667,1.6,3.0,4.666666666666667
P090,24,Male,Low,Productivity,4.0,4.0,3.0,4.0,5.0,4.0,4.0,4.0,4.0,5.0,4.0,4.0,5.0,4.0,5.0,4.0,3.0,4.0,5.0,4.0,4.0,4.0,3.0,4.0,4.0,,5.0,4.0,4.1,4.333333333333333,4.0,3.75,4.5
P091,19,Male,High,Productivity,3.0,3.0,3.0,3.0,4.0,3.0,4.0,2.0,3.0,3.0,4.0,4.0,3.0,4.0,3.0,5.0,4.0,3.0,4.0,3.0,4.0,2.0,2.0,3.0,3.0,5.0,4.0,5.0,3.1,3.8333333333333335,3.6,2.5,4.666666666666667
P092,28,Female,Medium,Social,4.0,3.0,3.0,4.0,4.0,5.0,3.0,5.0,4.0,3.0,3.0,4.0,3.0,3.0,4.0,2.0,4.0,3.0,3.0,2.0,3.0,3.0,4.0,4.0,4.0,3.0,5.0,5.0,3.8,3.1666666666666665,3.0,3.75,4.333333333333333
P093,29,Male,Medium,Study,3.0,2.0,3.0,2.0,2.0,3.0,3.0,3.0,3.0,2.0,4.0,4.0,4.0,4.0,5.0,4.0,3.0,3.0,3.0,4.0,2.0,5.0,4.0,5.0,5.0,5.0,4.0,4.0,2.6,4.166666666666667,3.0,4.75,4.333333333333333
P094,25,Male,Medium,Study,5.0,3.0,4.0,3.0,2.0,5.0,4.0,3.0,4.0,5.0,3.0,4.0,4.0,4.0,4.0,4.0,4.0,5.0,4.0,4.0,3.0,5.0,4.0,4.0,4.0,4.0,3.0,3.0,3.8,3.8333333333333335,4.0,4.25,3.3333333333333335
P095,29,Female,Low,Productivity,2.0,3.0,3.0,4.0,4.0,3.0,3.0,3.0,3.0,4.0,3.0,3.0,2.0,4.0,2.0,3.0,4.0,4.0,4.0,4.0,3.0,4.0,3.0,3.0,5.0,3.0,3.0,2.0,3.2,2.8333333333333335,3.8,3.75,2.6666666666666665
P096,24,Male,Low,Entertainment,3.0,3.0,4.0,4.0,4.0,4.0,4.0,5.0,4.0,3.0,4.0,4.0,4.0,4.0,4.0,4.0,3.0,2.0,3.0,1.0,4.0,4.0,5.0,5.0,5.0,4.0,4.0,4.0,3.8,4.0,2.6,4.75,4.0
P097,25,Female,Low,Study,4.0,4.0,4.0,5.0,4.0,3.0,5.0,5.0,3.0,5.0,4.0,4.0,3.0,4.0,3.0,4.0,4.0,3.0,4.0,4.0,5.0,5.0,5.0,3.0,4.0,4.0,4.0,5.0,4.2,3.6666666666666665,4.0,4.25,4.333333333333333
P098,23,Male,Low,Study,4.0,5.0,4.0,5.0,5.0,5.0,5.0,5.0,5.0,5.0,4.0,4.0,4.0,3.0,4.0,4.0,3.0,5.0,4.0,4.0,4.0,4.0,4.0,4.0,3.0,4.0,4.0,4.0,4.8,3.8333333333333335,4.0,3.75,4.0
P099,18,Male,High,Study,4.0,3.0,4.0,4.0,4.0,4.0,5.0,4.0,5.0,4.0,5.0,5.0,5.0,5.0,5.0,5.0,3.0,5.0,4.0,4.0,4.0,5.0,5.0,5.0,5.0,5.0,4.0,4.0,4.1,5.0,4.0,5.0,4.333333333333333
P100,19,Male,Medium,Social,4.0,4.0,3.0,4.0,4.0,4.0,3.0,4.0,3.0,3.0,4.0,4.0,3.0,4.0,4.0,4.0,4.0,3.0,4.0,5.0,4.0,3.0,4.0,4.0,5.0,5.0,5.0,5.0,3.6,3.8333333333333335,4.0,4.0,5.0
P101,18,Male,Low,Study,3.0,4.0,2.0,4.0,4.0,3.0,4.0,3.0,3.0,3.0,4.0,4.0,3.0,3.0,3.0,4.0,4.0,4.0,2.0,4.0,4.0,2.0,3.0,4.0,3.0,4.0,3.0,5.0,3.3,3.5,3.6,3.0,4.0
P102,26,Male,High,Study,3.0,4.0,3.0,3.0,3.0,4.0,3.0,4.0,3.0,3.0,5.0,5.0,3.0,3.0,3.0,5.0,3.0,4.0,4.0,4.0,3.0,3.0,4.0,4.0,4.0,3.0,5.0,3.0,3.3,4.0,3.6,3.75,3.6666666666666665
P103,21,Male,High,Study,3.0,3.0,3.0,4.0,4.0,4.0,3.0,3.0,4.0,3.0,4.0,5.0,5.0,4.0,4.0,3.0,4.0,4.0,2.0,4.0,4.0,3.0,4.0,5.0,5.0,5.0,5.0,5.0,3.4,4.166666666666667,3.6,4.25,5.0
P104,24,Male,High,Study,3.0,4.0,2.0,3.0,3.0,4.0,3.0,3.0,3.0,4.0,3.0,4.0,4.0,4.0,4.0,,2.0,3.0,3.0,2.0,2.0,5.0,4.0,4.0,3.0,4.0,3.0,4.0,3.2,3.8,2.4,4.0,3.6666666666666665
P105,32,Male,High,Study,3.0,3.0,3.0,4.0,4.0,3.0,4.0,4.0,3.0,3.0,5.0,5.0,4.0,5.0,5.0,5.0,4.0,5.0,3.0,5.0,5.0,5.0,5.0,4.0,5.0,4.0,4.0,5.0,3.4,4.833333333333333,4.4,4.75,4.333333333333333
P106,21,Male,Low,Entertainment,4.0,5.0,4.0,3.0,4.0,4.0,5.0,4.0,4.0,5.0,3.0,2.0,2.0,2.0,3.0,3.0,4.0,4.0,4.0,4.0,4.0,2.0,3.0,3.0,3.0,5.0,4.0,5.0,4.2,2.5,4.0,2.75,4.666666666666667
P107,23,Male,Medium,Study,4.0,3.0,4.0,3.0,2.0,3.0,3.0,4.0,3.0,3.0,4.0,4.0,4.0,4.0,4.0,4.0,2.0,3.0,2.0,3.0,3.0,4.0,4.0,4.0,4.0,3.0,4.0,3.0,3.2,4.0,2.6,4.0,3.3333333333333335
P108,29,Male,High,Productivity,4.0,4.0,4.0,5.0,4.0,4.0,3.0,4.0,3.0,4.0,5.0,4.0,5.0,3.0,5.0,4.0,4.0,4.0,5.0,4.0,3.0,4.0,4.0,4.0,4.0,5.0,4.0,5.0,3.9,4.333333333333333,4.0,4.0,4.666666666666667
P109,20,Female,Medium,Study,3.0,3.0,4.0,4.0,4.0,5.0,4.0,4.0,4.0,5.0,5.0,5.0,4.0,5.0,5.0,4.0,4.0,4.0,4.0,5.0,5.0,5.0,,5.0,5.0,4.0,5.0,5.0,4.0,4.666666666666667,4.4,5.0,4.666666666666667
P110,18,Female,Low,Entertainment,3.0,3.0,4.0,3.0,4.0,3.0,2.0,3.0,4.0,3.0,3.0,4.0,3.0,4.0,3.0,3.0,4.0,3.0,3.0,3.0,3.0,5.0,4.0,4.0,4.0,3.0,4.0,2.0,3.2,3.3333333333333335,3.2,4.25,3.0
P111,21,Male,High,Social,2.0,3.0,2.0,2.0,2.0,2.0,2.0,2.0,1.0,3.0,3.0,3.0,3.0,4.0,2.0,4.0,3.0,2.0,3.0,4.0,3.0,4.0,2.0,4.0,3.0,4.0,4.0,3.0,2.1,3.1666666666666665,3.0,3.25,3.6666666666666665
P112,20,Female,Low,Productivity,4.0,3.0,3.0,3.0,2.0,3.0,3.0,2.0,2.0,2.0,4.0,4.0,3.0,3.0,5.0,3.0,3.0,2.0,3.0,1.0,4.0,3.0,5.0,4.0,4.0,5.0,4.0,5.0,2.7,3.6666666666666665,2.6,4.0,4.666666666666667
P113,33,Female,Low,Entertainment,5.0,4.0,4.0,5.0,4.0,5.0,5.0,4.0,,4.0,5.0,4.0,3.0,5.0,5.0,4.0,4.0,3.0,3.0,4.0,3.0,4.0,4.0,4.0,3.0,4.0,4.0,3.0,4.444444444444445,4.333333333333333,3.4,3.75,3.6666666666666665
P114,30,Male,Medium,Study,3.0,3.0,2.0,3.0,4.0,3.0,4.0,3.0,3.0,3.0,4.0,5.0,4.0,4.0,4.0,4.0,4.0,3.0,3.0,3.0,4.0,5.0,5.0,5.0,3.0,5.0,4.0,5.0,3.1,4.166666666666667,3.4,4.5,4.666666666666667
P115,26,Female,Medium,Study,2.0,3.0,3.0,3.0,3.0,3.0,3.0,3.0,4.0,2.0,3.0,3.0,4.0,4.0,3.0,4.0,4.0,4.0,4.0,5.0,4.0,5.0,4.0,5.0,5.0,3.0,3.0,4.0,2.9,3.5,4.2,4.75,3.3333333333333335
P116,31,Female,Medium,Productivity,2.0,3.0,3.0,4.0,3.0,4.0,3.0,4.0,3.0,3.0,3.0,3.0,4.0,4.0,4.0,3.0,3.0,3.0,2.0,4.0,4.0,5.0,4.0,3.0,4.0,3.0,3.0,4.0,3.2,3.5,3.2,4.0,3.3333333333333335
P117,30,Male,Low,Social,4.0,4.0,4.0,4.0,4.0,3.0,3.0,3.0,4.0,4.0,4.0,4.0,4.0,4.0,4.0,4.0,4.0,4.0,4.0,4.0,4.0,4.0,4.0,5.0,5.0,4.0,5.0,4.0,3.7,4.0,4.0,4.5,4.333333333333333
P118,20,Male,High,Productivity,4.0,4.0,3.0,4.0,3.0,4.0,3.0,4.0,4.0,4.0,,4.0,4.0,4.0,4.0,3.0,4.0,3.0,5.0,5.0,5.0,4.0,3.0,5.0,4.0,5.0,5.0,5.0,3.7,3.8,4.4,4.0,5.0
P119,32,Female,Low,Entertainment,4.0,3.0,3.0,4.0,2.0,4.0,4.0,5.0,3.0,4.0,3.0,4.0,5.0,4.0,4.0,3.0,4.0,3.0,2.0,4.0,2.0,4.0,4.0,3.0,3.0,3.0,4.0,4.0,3.6,3.8333333333333335,3.0,3.5,3.6666666666666665
P120,25,Female,Low,Productivity,3.0,4.0,4.0,4.0,3.0,2.0,3.0,3.0,3.0,3.0,3.0,3.0,3.0,2.0,3.0,2.0,3.0,3.0,4.0,3.0,4.0,3.0,5.0,4.0,4.0,3.0,4.0,5.0,3.2,2.6666666666666665,3.4,4.0,4.0
P121,30,Male,High,Entertainment,3.0,3.0,2.0,3.0,3.0,4.0,3.0,3.0,3.0,3.0,4.0,3.0,4.0,3.0,3.0,3.0,2.0,3.0,3.0,5.0,4.0,5.0,4.0,4.0,4.0,4.0,3.0,4.0,3.0,3.3333333333333335,3.4,4.25,3.6666666666666665
P122,32,Male,High,Study,3.0,3.0,3.0,3.0,2.0,2.0,2.0,5.0,2.0,3.0,3.0,3.0,4.0,3.0,4.0,5.0,3.0,3.0,4.0,4.0,5.0,3.0,4.0,3.0,3.0,4.0,4.0,5.0,2.8,3.6666666666666665,3.8,3.25,4.333333333333333
P123,21,Male,High,Entertainment,4.0,4.0,4.0,4.0,4.0,5.0,5.0,3.0,4.0,5.0,5.0,5.0,4.0,3.0,5.0,3.0,3.0,4.0,5.0,4.0,4.0,4.0,5.0,4.0,5.0,4.0,4.0,5.0,4.2,4.166666666666667,4.0,4.5,4.333333333333333
P124,19,Female,High,Social,4.0,2.0,3.0,3.0,4.0,3.0,4.0,3.0,3.0,4.0,3.0,4.0,3.0,3.0,4.0,3.0,3.0,4.0,4.0,4.0,3.0,5.0,5.0,4.0,4.0,4.0,5.0,4.0,3.3,3.3333333333333335,3.6,4.5,4.333333333333333
P125,20,Female,Medium,Study,3.0,4.0,3.0,4.0,4.0,4.0,3.0,4.0,4.0,4.0,5.0,4.0,4.0,5.0,5.0,4.0,3.0,5.0,4.0,4.0,5.0,5.0,5.0,5.0,4.0,4.0,4.0,,3.7,4.5,4.2,4.75,4.0
P126,23,Male,Medium,Productivity,4.0,3.0,4.0,4.0,4.0,5.0,3.0,5.0,4.0,4.0,2.0,3.0,3.0,2.0,3.0,2.0,3.0,4.0,5.0,4.0,2.0,4.0,5.0,4.0,5.0,4.0,2.0,4.0,4.0,2.5,3.6,4.5,3.3333333333333335
P127,30,Male,Low,Study,5.0,4.0,5.0,5.0,5.0,4.0,4.0,4.0,5.0,4.0,3.0,4.0,4.0,3.0,3.0,3.0,3.0,4.0,3.0,4.0,3.0,5.0,4.0,4.0,5.0,4.0,5.0,3.0,4.5,3.3333333333333335,3.4,4.5,4.0
P128,31,Female,Medium,Entertainment,3.0,3.0,4.0,3.0,3.0,3.0,3.0,3.0,4.0,3.0,3.0,3.0,4.0,3.0,3.0,2.0,3.0,3.0,3.0,3.0,3.0,3.0,4.0,4.0,3.0,3.0,3.0,3.0,3.2,3.0,3.0,3.5,3.0
P129,18,Male,Medium,Study,3.0,4.0,4.0,3.0,4.0,3.0,4.0,3.0,4.0,3.0,4.0,4.0,3.0,4.0,2.0,4.0,4.0,4.0,4.0,3.0,4.0,2.0,2.0,2.0,3.0,4.0,3.0,4.0,3.5,3.5,3.8,2.25,3.6666666666666665
P130,24,Male,Low,Entertainment,3.0,3.0,4.0,3.0,3.0,3.0,3.0,3.0,3.0,4.0,3.0,2.0,3.0,3.0,3.0,3.0,3.0,3.0,2.0,3.0,,4.0,2.0,4.0,4.0,3.0,3.0,3.0,3.2,2.8333333333333335,2.75,3.5,3.0
P131,23,Female,Medium,Productivity,3.0,3.0,2.0,3.0,2.0,4.0,3.0,2.0,2.0,3.0,3.0,4.0,4.0,4.0,4.0,5.0,3.0,4.0,3.0,3.0,3.0,4.0,4.0,4.0,5.0,2.0,3.0,,2.7,4.0,3.2,4.25,2.5
P132,20,Female,Medium,Study,4.0,4.0,3.0,4.0,3.0,3.0,4.0,,5.0,4.0,5.0,4.0,5.0,5.0,4.0,5.0,2.0,2.0,3.0,4.0,3.0,5.0,4.0,5.0,4.0,4.0,5.0,4.0,3.7777777777777777,4.666666666666667,2.8,4.5,4.333333333333333
P133,19,Female,Low,Productivity,1.0,3.0,2.0,3.0,2.0,2.0,3.0,2.0,3.0,3.0,4.0,3.0,,3.0,4.0,4.0,3.0,3.0,3.0,3.0,3.0,3.0,4.0,5.0,4.0,5.0,5.0,5.0,2.4,3.6,3.0,4.0,5.0
P134,22,Female,Low,Productivity,5.0,4.0,5.0,4.0,4.0,4.0,3.0,3.0,4.0,4.0,5.0,5.0,5.0,4.0,4.0,5.0,5.0,5.0,5.0,5.0,4.0,4.0,4.0,4.0,4.0,4.0,4.0,5.0,4.0,4.666666666666667,4.8,4.0,4.333333333333333
P135,33,Male,Medium,Social,2.0,3.0,3.0,5.0,5.0,3.0,3.0,4.0,3.0,3.0,2.0,2.0,2.0,2.0,3.0,4.0,3.0,1.0,2.0,3.0,3.0,4.0,5.0,3.0,4.0,3.0,3.0,3.0,3.4,2.5,2.4,4.0,3.0
P136,22,Male,Low,Study,3.0,3.0,4.0,4.0,3.0,3.0,4.0,3.0,4.0,3.0,5.0,4.0,4.0,4.0,5.0,3.0,4.0,4.0,5.0,5.0,4.0,4.0,5.0,5.0,5.0,5.0,4.0,4.0,3.4,4.166666666666667,4.4,4.75,4.333333333333333
P137,24,Female,High,Entertainment,3.0,4.0,4.0,4.0,3.0,3.0,3.0,3.0,4.0,3.0,4.0,4.0,4.0,4.0,4.0,4.0,3.0,4.0,4.0,3.0,2.0,5.0,5.0,5.0,5.0,5.0,4.0,4.0,3.4,4.0,3.2,5.0,4.333333333333333
P138,28,Male,Medium,Study,4.0,4.0,4.0,3.0,3.0,3.0,4.0,3.0,4.0,3.0,4.0,3.0,4.0,3.0,2.0,4.0,2.0,2.0,2.0,3.0,2.0,4.0,4.0,4.0,5.0,4.0,4.0,3.0,3.5,3.3333333333333335,2.2,4.25,3.6666666666666665
P139,22,Male,Medium,Social,3.0,3.0,3.0,4.0,4.0,4.0,3.0,4.0,4.0,4.0,4.0,4.0,4.0,4.0,4.0,4.0,4.0,3.0,3.0,5.0,4.0,5.0,4.0,5.0,5.0,4.0,5.0,5.0,3.6,4.0,3.8,4.75,4.666666666666667
P140,34,Male,Medium,Social,3.0,3.0,4.0,4.0,3.0,3.0,3.0,2.0,3.0,,2.0,3.0,3.0,4.0,3.0,4.0,4.0,3.0,3.0,3.0,3.0,4.0,2.0,3.0,3.0,4.0,4.0,4.0,3.111111111111111,3.1666666666666665,3.2,3.0,4.0
P141,34,Male,High,Entertainment,5.0,4.0,5.0,5.0,5.0,5.0,4.0,4.0,4.0,4.0,5.0,5.0,5.0,5.0,5.0,5.0,4.0,4.0,3.0,5.0,4.0,4.0,5.0,5.0,4.0,5.0,5.0,5.0,4.5,5.0,4.0,4.5,5.0
P142,21,Male,Medium,Productivity,2.0,3.0,2.0,3.0,1.0,3.0,2.0,2.0,3.0,3.0,4.0,3.0,3.0,3.0,3.0,3.0,4.0,3.0,2.0,3.0,4.0,4.0,4.0,4.0,4.0,3.0,3.0,3.0,2.4,3.1666666666666665,3.2,4.0,3.0
P143,24,Male,Medium,Entertainment,4.0,4.0,3.0,4.0,2.0,3.0,2.0,4.0,2.0,4.0,4.0,4.0,,5.0,4.0,4.0,4.0,3.0,3.0,3.0,3.0,5.0,4.0,4.0,5.0,4.0,4.0,5.0,3.2,4.2,3.2,4.5,4.333333333333333
P144,21,Male,Medium,Productivity,4.0,5.0,3.0,4.0,4.0,4.0,4.0,5.0,4.0,4.0,4.0,5.0,5.0,4.0,5.0,4.0,5.0,5.0,3.0,4.0,4.0,4.0,5.0,5.0,4.0,5.0,5.0,5.0,4.1,4.5,4.2,4.5,5.0
P145,21,Male,Low,Study,3.0,3.0,3.0,2.0,3.0,3.0,3.0,3.0,2.0,3.0,5.0,4.0,4.0,5.0,3.0,4.0,3.0,4.0,4.0,4.0,3.0,4.0,5.0,4.0,4.0,5.0,5.0,4.0,2.8,4.166666666666667,3.6,4.25,4.666666666666667
P146,18,Female,High,Productivity,3.0,2.0,2.0,3.0,2.0,4.0,3.0,3.0,3.0,4.0,4.0,3.0,4.0,4.0,4.0,2.0,3.0,3.0,4.0,4.0,3.0,4.0,5.0,4.0,5.0,3.0,4.0,3.0,2.9,3.5,3.4,4.5,3.3333333333333335
P147,26,Female,High,Study,3.0,4.0,4.0,4.0,2.0,4.0,3.0,4.0,4.0,3.0,3.0,5.0,5.0,5.0,5.0,5.0,4.0,4.0,5.0,4.0,5.0,5.0,5.0,5.0,5.0,5.0,5.0,4.0,3.5,4.666666666666667,4.4,5.0,4.666666666666667
P148,24,Female,Medium,Productivity,4.0,4.0,4.0,3.0,4.0,3.0,4.0,4.0,3.0,3.0,4.0,3.0,4.0,3.0,4.0,3.0,3.0,3.0,3.0,3.0,3.0,3.0,5.0,4.0,4.0,4.0,4.0,3.0,3.6,3.5,3.0,4.0,3.6666666666666665
P149,18,Female,High,Productivity,5.0,4.0,4.0,4.0,4.0,3.0,3.0,4.0,3.0,4.0,5.0,4.0,5.0,4.0,5.0,5.0,4.0,4.0,4.0,3.0,3.0,2.0,3.0,3.0,4.0,5.0,5.0,5.0,3.8,4.666666666666667,3.6,3.0,5.0
P150,21,Female,High,Productivity,4.0,4.0,4.0,5.0,3.0,3.0,3.0,4.0,3.0,4.0,3.0,4.0,4.0,4.0,3.0,4.0,5.0,4.0,5.0,3.0,4.0,5.0,5.0,5.0,5.0,3.0,4.0,4.0,3.7,3.6666666666666665,4.2,5.0,3.6666666666666665
P151,32,Male,Medium,Study,4.0,5.0,4.0,3.0,3.0,4.0,4.0,4.0,5.0,3.0,4.0,4.0,4.0,4.0,4.0,3.0,3.0,3.0,4.0,4.0,3.0,4.0,3.0,3.0,3.0,4.0,3.0,4.0,3.9,3.8333333333333335,3.4,3.25,3.6666666666666665
P152,20,Female,High,Study,3.0,5.0,5.0,4.0,3.0,4.0,4.0,4.0,5.0,3.0,4.0,5.0,5.0,5.0,5.0,5.0,4.0,3.0,4.0,3.0,4.0,5.0,5.0,5.0,5.0,5.0,5.0,5.0,4.0,4.833333333333333,3.6,5.0,5.0
P153,19,Female,Medium,Study,3.0,4.0,3.0,4.0,4.0,4.0,5.0,3.0,3.0,3.0,3.0,3.0,3.0,3.0,4.0,3.0,4.0,3.0,3.0,3.0,4.0,3.0,,3.0,4.0,4.0,4.0,5.0,3.6,3.1666666666666665,3.4,3.3333333333333335,4.333333333333333
P154,24,Female,Medium,Study,4.0,4.0,3.0,3.0,3.0,3.0,4.0,2.0,4.0,3.0,3.0,3.0,4.0,3.0,4.0,4.0,4.0,4.0,3.0,4.0,3.0,5.0,4.0,5.0,3.0,4.0,4.0,5.0,3.3,3.5,3.6,4.25,4.333333333333333
P155,35,Male,Medium,Study,5.0,4.0,3.0,4.0,4.0,5.0,5.0,4.0,4.0,4.0,5.0,5.0,5.0,5.0,5.0,4.0,4.0,4.0,5.0,3.0,3.0,5.0,5.0,4.0,5.0,5.0,5.0,5.0,4.2,4.833333333333333,3.8,4.75,5.0
P156,21,Male,High,Social,5.0,4.0,5.0,5.0,3.0,4.0,4.0,5.0,4.0,4.0,4.0,5.0,4.0,4.0,5.0,5.0,5.0,4.0,5.0,5.0,5.0,5.0,5.0,4.0,4.0,5.0,5.0,4.0,4.3,4.5,4.8,4.5,4.666666666666667
P157,27,Male,Low,Entertainment,3.0,3.0,4.0,4.0,3.0,4.0,3.0,3.0,3.0,4.0,3.0,2.0,3.0,3.0,3.0,3.0,3.0,5.0,3.0,2.0,2.0,3.0,4.0,2.0,4.0,4.0,3.0,4.0,3.4,2.8333333333333335,3.0,3.25,3.6666666666666665
P158,29,Male,High,Study,3.0,4.0,3.0,3.0,2.0,3.0,3.0,4.0,3.0,3.0,4.0,3.0,3.0,3.0,4.0,3.0,3.0,4.0,4.0,4.0,4.0,4.0,4.0,3.0,4.0,4.0,3.0,4.0,3.1,3.3333333333333335,3.8,3.75,3.6666666666666665
P159,20,Female,High,Entertainment,3.0,4.0,5.0,3.0,4.0,4.0,4.0,4.0,5.0,5.0,4.0,4.0,5.0,5.0,5.0,5.0,4.0,5.0,5.0,4.0,5.0,4.0,5.0,5.0,5.0,4.0,4.0,5.0,4.1,4.666666666666667,4.6,4.75,4.333333333333333
P160,28,Female,Low,Entertainment,4.0,4.0,3.0,3.0,3.0,4.0,3.0,3.0,3.0,4.0,2.0,3.0,3.0,4.0,3.0,3.0,3.0,4.0,3.0,2.0,4.0,3.0,3.0,4.0,4.0,3.0,3.0,4.0,3.4,3.0,3.2,3.5,3.3333333333333335
P161,22,Male,High,Productivity,3.0,2.0,3.0,2.0,3.0,2.0,,3.0,2.0,3.0,3.0,2.0,3.0,2.0,3.0,3.0,1.0,2.0,2.0,3.0,3.0,4.0,4.0,3.0,4.0,3.0,4.0,4.0,2.5555555555555554,2.6666666666666665,2.2,3.75,3.6666666666666665
P162,26,Other,Low,Entertainment,4.0,3.0,5.0,3.0,,4.0,4.0,4.0,3.0,4.0,4.0,4.0,4.0,3.0,4.0,4.0,4.0,4.0,2.0,3.0,3.0,4.0,4.0,3.0,5.0,3.0,4.0,3.0,3.7777777777777777,3.8333333333333335,3.2,4.0,3.3333333333333335
P163,26,Female,Medium,Social,3.0,3.0,4.0,4.0,3.0,3.0,3.0,3.0,3.0,2.0,4.0,4.0,3.0,4.0,5.0,5.0,4.0,3.0,3.0,3.0,4.0,4.0,4.0,5.0,3.0,4.0,5.0,4.0,3.1,4.166666666666667,3.4,4.0,4.333333333333333
P164,25,Male,High,Entertainment,4.0,2.0,4.0,3.0,4.0,3.0,4.0,3.0,2.0,4.0,5.0,4.0,4.0,3.0,5.0,3.0,3.0,4.0,4.0,2.0,3.0,3.0,5.0,4.0,5.0,5.0,5.0,5.0,3.3,4.0,3.2,4.25,5.0
P165,19,Male,Low,Social,3.0,4.0,3.0,5.0,5.0,5.0,4.0,4.0,4.0,4.0,4.0,3.0,4.0,3.0,4.0,3.0,3.0,3.0,3.0,4.0,3.0,4.0,4.0,5.0,4.0,4.0,4.0,5.0,4.1,3.5,3.2,4.25,4.333333333333333
P166,30,Male,High,Productivity,4.0,4.0,3.0,5.0,3.0,4.0,3.0,3.0,3.0,3.0,5.0,4.0,3.0,5.0,5.0,5.0,4.0,4.0,5.0,5.0,4.0,4.0,4.0,3.0,3.0,5.0,5.0,5.0,3.5,4.5,4.4,3.5,5.0
P167,22,Male,High,Study,5.0,3.0,3.0,4.0,4.0,4.0,3.0,4.0,4.0,5.0,3.0,4.0,4.0,5.0,4.0,3.0,3.0,4.0,,3.0,4.0,4.0,4.0,4.0,4.0,4.0,4.0,4.0,3.9,3.8333333333333335,3.5,4.0,4.0
P168,20,Male,Medium,Social,3.0,3.0,4.0,3.0,2.0,3.0,2.0,2.0,4.0,4.0,2.0,2.0,3.0,3.0,2.0,4.0,2.0,2.0,2.0,2.0,3.0,3.0,3.0,3.0,3.0,3.0,2.0,3.0,3.0,2.6666666666666665,2.2,3.0,2.6666666666666665
P169,18,Male,Low,Study,3.0,5.0,3.0,4.0,2.0,4.0,5.0,3.0,4.0,4.0,4.0,4.0,5.0,4.0,3.0,4.0,4.0,3.0,5.0,5.0,4.0,4.0,3.0,4.0,3.0,3.0,4.0,3.0,3.7,4.0,4.2,3.5,3.3333333333333335
P170,26,Male,Medium,Productivity,3.0,3.0,4.0,4.0,4.0,4.0,3.0,4.0,3.0,4.0,4.0,4.0,4.0,3.0,4.0,3.0,2.0,2.0,3.0,2.0,3.0,5.0,5.0,5.0,5.0,3.0,5.0,5.0,3.6,3.6666666666666665,2.4,5.0,4.333333333333333
P171,27,Male,Medium,Entertainment,4.0,3.0,5.0,3.0,4.0,4.0,4.0,3.0,4.0,4.0,5.0,4.0,3.0,4.0,4.0,4.0,4.0,3.0,4.0,3.0,4.0,5.0,4.0,4.0,5.0,4.0,4.0,4.0,3.8,4.0,3.6,4.5,4.0
P172,18,Female,High,Productivity,4.0,5.0,4.0,3.0,4.0,4.0,3.0,3.0,5.0,2.0,4.0,5.0,5.0,5.0,4.0,4.0,5.0,5.0,,5.0,5.0,4.0,4.0,5.0,5.0,5.0,5.0,4.0,3.7,4.5,5.0,4.5,4.666666666666667
P173,24,Male,Medium,Productivity,3.0,4.0,3.0,3.0,2.0,3.0,5.0,3.0,3.0,3.0,3.0,4.0,5.0,5.0,5.0,5.0,3.0,4.0,4.0,3.0,3.0,5.0,5.0,5.0,5.0,4.0,5.0,4.0,3.2,4.5,3.4,5.0,4.333333333333333
P174,20,Female,Low,Productivity,5.0,4.0,3.0,4.0,4.0,2.0,3.0,3.0,4.0,5.0,3.0,3.0,4.0,3.0,2.0,3.0,4.0,4.0,5.0,4.0,4.0,5.0,3.0,3.0,4.0,3.0,4.0,4.0,3.7,3.0,4.2,3.75,3.6666666666666665
P175,27,Male,Medium,Productivity,4.0,4.0,3.0,3.0,4.0,3.0,3.0,2.0,2.0,3.0,3.0,3.0,3.0,3.0,4.0,3.0,3.0,4.0,3.0,4.0,4.0,4.0,4.0,4.0,4.0,5.0,4.0,5.0,3.1,3.1666666666666665,3.6,4.0,4.666666666666667
P176,20,Other,Medium,Study,3.0,5.0,4.0,4.0,4.0,3.0,4.0,4.0,4.0,4.0,3.0,2.0,3.0,2.0,4.0,4.0,4.0,3.0,3.0,4.0,4.0,5.0,5.0,4.0,5.0,4.0,4.0,5.0,3.9,3.0,3.6,4.75,4.333333333333333
P177,28,Male,High,Study,3.0,3.0,4.0,3.0,4.0,5.0,4.0,4.0,4.0,3.0,3.0,4.0,4.0,3.0,4.0,4.0,4.0,4.0,3.0,4.0,4.0,5.0,4.0,4.0,4.0,5.0,5.0,5.0,3.7,3.6666666666666665,3.8,4.25,5.0
P178,22,Male,Low,Entertainment,5.0,4.0,4.0,3.0,4.0,4.0,5.0,4.0,4.0,5.0,4.0,5.0,4.0,4.0,4.0,5.0,4.0,4.0,4.0,4.0,4.0,5.0,5.0,5.0,5.0,3.0,5.0,4.0,4.2,4.333333333333333,4.0,5.0,4.0
P179,33,Female,High,Study,3.0,4.0,3.0,4.0,2.0,3.0,4.0,3.0,4.0,4.0,4.0,4.0,5.0,4.0,5.0,4.0,3.0,2.0,2.0,3.0,3.0,3.0,5.0,3.0,4.0,4.0,5.0,3.0,3.4,4.333333333333333,2.6,3.75,4.0
P180,19,Female,Medium,Productivity,4.0,4.0,2.0,3.0,4.0,3.0,4.0,3.0,3.0,3.0,5.0,5.0,4.0,4.0,4.0,5.0,4.0,4.0,4.0,4.0,4.0,3.0,3.0,2.0,3.0,4.0,5.0,3.0,3.3,4.5,4.0,2.75,4.0
P181,22,Female,High,Study,2.0,4.0,3.0,2.0,3.0,3.0,3.0,4.0,3.0,4.0,4.0,5.0,3.0,4.0,4.0,4.0,3.0,3.0,4.0,5.0,3.0,3.0,3.0,4.0,4.0,3.0,4.0,4.0,3.1,4.0,3.6,3.5,3.6666666666666665
P182,19,Male,Medium,Social,4.0,3.0,4.0,3.0,3.0,3.0,3.0,3.0,2.0,3.0,4.0,3.0,3.0,3.0,4.0,4.0,4.0,5.0,4.0,3.0,4.0,5.0,4.0,4.0,4.0,2.0,3.0,4.0,3.1,3.5,4.0,4.25,3.0
P183,33,Male,Medium,Productivity,3.0,5.0,3.0,4.0,3.0,4.0,4.0,4.0,4.0,4.0,5.0,5.0,3.0,3.0,4.0,4.0,3.0,3.0,4.0,4.0,4.0,5.0,5.0,5.0,4.0,4.0,4.0,4.0,3.8,4.0,3.6,4.75,4.0
P184,31,Female,High,Productivity,3.0,2.0,3.0,3.0,2.0,3.0,4.0,2.0,3.0,3.0,2.0,3.0,3.0,1.0,3.0,3.0,3.0,4.0,4.0,4.0,4.0,3.0,4.0,5.0,3.0,3.0,3.0,4.0,2.8,2.5,3.8,3.75,3.3333333333333335
P185,21,Female,Low,Study,3.0,3.0,3.0,3.0,4.0,2.0,2.0,3.0,2.0,3.0,5.0,5.0,,5.0,4.0,4.0,4.0,2.0,2.0,3.0,3.0,5.0,5.0,5.0,5.0,4.0,3.0,5.0,2.8,4.6,2.8,5.0,4.0
P186,27,Female,High,Productivity,2.0,3.0,2.0,3.0,3.0,3.0,4.0,4.0,3.0,3.0,3.0,4.0,4.0,3.0,4.0,5.0,3.0,3.0,4.0,4.0,3.0,3.0,4.0,4.0,4.0,3.0,4.0,4.0,3.0,3.8333333333333335,3.4,3.75,3.6666666666666665
P187,30,Female,Medium,Social,4.0,5.0,4.0,4.0,5.0,3.0,4.0,4.0,4.0,5.0,4.0,5.0,3.0,4.0,4.0,3.0,4.0,5.0,4.0,3.0,4.0,4.0,5.0,5.0,5.0,5.0,5.0,5.0,4.2,3.8333333333333335,4.0,4.75,5.0
P188,25,Male,Low,Entertainment,5.0,5.0,5.0,4.0,4.0,5.0,5.0,4.0,5.0,4.0,4.0,4.0,5.0,3.0,4.0,4.0,3.0,4.0,3.0,2.0,3.0,3.0,5.0,2.0,4.0,3.0,5.0,3.0,4.6,4.0,3.0,3.5,3.6666666666666665
P189,25,Female,Medium,Productivity,3.0,4.0,3.0,3.0,2.0,4.0,3.0,4.0,3.0,2.0,5.0,4.0,5.0,5.0,4.0,4.0,3.0,3.0,3.0,4.0,4.0,5.0,5.0,4.0,5.0,4.0,4.0,5.0,3.1,4.5,3.4,4.75,4.333333333333333
P190,21,Male,Medium,Productivity,4.0,4.0,5.0,4.0,4.0,4.0,3.0,3.0,3.0,3.0,4.0,3.0,3.0,4.0,4.0,4.0,3.0,4.0,3.0,3.0,3.0,5.0,5.0,4.0,4.0,4.0,5.0,5.0,3.7,3.6666666666666665,3.2,4.5,4.666666666666667
P191,19,Male,Low,Study,5.0,3.0,2.0,4.0,3.0,3.0,4.0,3.0,4.0,2.0,3.0,2.0,3.0,3.0,3.0,3.0,3.0,4.0,2.0,3.0,2.0,4.0,4.0,4.0,3.0,4.0,3.0,3.0,3.3,2.8333333333333335,2.8,3.75,3.3333333333333335
P192,32,Male,Medium,Entertainment,3.0,4.0,5.0,4.0,5.0,4.0,4.0,3.0,5.0,3.0,4.0,4.0,5.0,4.0,4.0,4.0,4.0,3.0,2.0,3.0,3.0,5.0,5.0,5.0,3.0,5.0,5.0,4.0,4.0,4.166666666666667,3.0,4.5,4.666666666666667
P193,32,Female,Medium,Entertainment,4.0,2.0,3.0,2.0,3.0,4.0,4.0,2.0,3.0,2.0,4.0,4.0,5.0,5.0,5.0,4.0,4.0,4.0,3.0,3.0,4.0,4.0,4.0,3.0,3.0,4.0,,5.0,2.9,4.5,3.6,3.5,4.5
P194,26,Male,Medium,Study,4.0,3.0,4.0,3.0,3.0,3.0,4.0,4.0,4.0,3.0,3.0,4.0,3.0,3.0,3.0,4.0,5.0,3.0,3.0,3.0,3.0,3.0,2.0,4.0,4.0,,3.0,3.0,3.5,3.3333333333333335,3.4,3.25,3.0
P195,22,Male,Low,Study,3.0,4.0,4.0,3.0,4.0,4.0,4.0,4.0,4.0,3.0,5.0,5.0,4.0,5.0,5.0,5.0,4.0,5.0,5.0,2.0,5.0,5.0,5.0,5.0,5.0,5.0,4.0,5.0,3.7,4.833333333333333,4.2,5.0,4.666666666666667
P196,22,Female,High,Study,3.0,3.0,3.0,4.0,5.0,3.0,3.0,4.0,4.0,4.0,4.0,4.0,5.0,4.0,4.0,3.0,3.0,3.0,4.0,4.0,4.0,3.0,4.0,5.0,4.0,5.0,4.0,3.0,3.6,4.0,3.6,4.0,4.0
P197,28,Male,High,Study,3.0,4.0,4.0,4.0,4.0,3.0,4.0,4.0,3.0,3.0,5.0,4.0,4.0,,5.0,4.0,3.0,3.0,4.0,4.0,3.0,5.0,5.0,5.0,5.0,3.0,3.0,4.0,3.6,4.4,3.4,5.0,3.3333333333333335
P198,32,Female,High,Study,5.0,4.0,3.0,3.0,4.0,4.0,4.0,3.0,5.0,4.0,4.0,5.0,5.0,5.0,5.0,4.0,3.0,3.0,2.0,4.0,4.0,4.0,5.0,5.0,5.0,5.0,5.0,5.0,3.9,4.666666666666667,3.2,4.75,5.0
P199,32,Male,High,Social,2.0,3.0,2.0,2.0,3.0,3.0,1.0,2.0,2.0,2.0,3.0,3.0,3.0,3.0,4.0,3.0,3.0,2.0,2.0,3.0,4.0,4.0,4.0,4.0,3.0,5.0,3.0,4.0,2.2,3.1666666666666665,2.8,3.75,4.0
P200,29,Female,Low,Entertainment,5.0,5.0,4.0,4.0,4.0,4.0,4.0,3.0,4.0,3.0,5.0,4.0,4.0,4.0,4.0,5.0,2.0,4.0,3.0,3.0,3.0,3.0,4.0,4.0,2.0,5.0,4.0,4.0,4.0,4.333333333333333,3.0,3.25,4.333333333333333
P201,27,Female,High,Social,2.0,3.0,3.0,4.0,3.0,3.0,3.0,4.0,5.0,3.0,4.0,4.0,5.0,3.0,4.0,4.0,5.0,3.0,3.0,4.0,3.0,4.0,4.0,4.0,4.0,4.0,5.0,5.0,3.3,4.0,3.6,4.0,4.666666666666667
P202,19,Male,Low,Entertainment,2.0,2.0,3.0,2.0,2.0,2.0,1.0,2.0,3.0,3.0,2.0,3.0,2.0,2.0,3.0,3.0,3.0,3.0,3.0,3.0,3.0,2.0,3.0,3.0,3.0,3.0,3.0,3.0,2.2,2.5,3.0,2.75,3.0
P203,20,Male,Low,Study,3.0,4.0,4.0,3.0,4.0,3.0,3.0,4.0,3.0,3.0,4.0,4.0,4.0,4.0,4.0,4.0,3.0,3.0,4.0,4.0,5.0,5.0,4.0,4.0,4.0,4.0,3.0,3.0,3.4,4.0,3.8,4.25,3.3333333333333335
P204,32,Male,Medium,Entertainment,4.0,4.0,4.0,3.0,5.0,4.0,4.0,4.0,3.0,3.0,4.0,5.0,4.0,5.0,5.0,5.0,4.0,4.0,4.0,4.0,4.0,5.0,5.0,4.0,5.0,4.0,5.0,4.0,3.8,4.666666666666667,4.0,4.75,4.333333333333333
P205,26,Male,Medium,Entertainment,4.0,3.0,3.0,3.0,3.0,2.0,3.0,4.0,4.0,4.0,3.0,4.0,4.0,3.0,2.0,3.0,4.0,3.0,4.0,4.0,4.0,5.0,5.0,4.0,4.0,4.0,3.0,4.0,3.3,3.1666666666666665,3.8,4.5,3.6666666666666665
P206,18,Other,High,Study,4.0,3.0,3.0,5.0,5.0,5.0,3.0,4.0,3.0,4.0,4.0,5.0,5.0,5.0,5.0,5.0,5.0,4.0,4.0,3.0,5.0,5.0,5.0,5.0,3.0,5.0,5.0,5.0,3.9,4.833333333333333,4.2,4.5,5.0
P207,19,Male,Medium,Productivity,3.0,4.0,5.0,4.0,4.0,4.0,3.0,4.0,4.0,5.0,5.0,3.0,3.0,4.0,3.0,4.0,3.0,4.0,4.0,4.0,4.0,3.0,3.0,4.0,5.0,4.0,5.0,3.0,4.0,3.6666666666666665,3.8,3.75,4.0
P208,27,Female,Medium,Study,4.0,5.0,5.0,4.0,4.0,5.0,5.0,5.0,4.0,4.0,4.0,4.0,4.0,4.0,4.0,4.0,5.0,5.0,5.0,5.0,5.0,5.0,4.0,5.0,5.0,5.0,5.0,5.0,4.5,4.0,5.0,4.75,5.0
P209,18,Male,Low,Productivity,5.0,5.0,4.0,4.0,5.0,4.0,5.0,4.0,5.0,5.0,4.0,4.0,5.0,5.0,5.0,5.0,4.0,5.0,5.0,5.0,4.0,4.0,4.0,5.0,5.0,5.0,5.0,5.0,4.6,4.666666666666667,4.6,4.5,5.0
P210,20,Female,High,Productivity,4.0,3.0,4.0,4.0,4.0,4.0,3.0,4.0,4.0,4.0,5.0,4.0,5.0,5.0,4.0,5.0,4.0,5.0,4.0,4.0,4.0,5.0,5.0,5.0,5.0,5.0,5.0,4.0,3.8,4.666666666666667,4.2,5.0,4.666666666666667
P211,25,Female,Medium,Study,4.0,4.0,3.0,3.0,4.0,4.0,4.0,3.0,3.0,4.0,4.0,4.0,4.0,3.0,3.0,2.0,4.0,3.0,4.0,3.0,4.0,3.0,5.0,5.0,4.0,3.0,3.0,4.0,3.6,3.3333333333333335,3.6,4.25,3.3333333333333335
P212,28,Female,Medium,Study,2.0,2.0,3.0,3.0,2.0,3.0,3.0,2.0,3.0,4.0,4.0,4.0,4.0,5.0,3.0,4.0,3.0,4.0,4.0,3.0,4.0,4.0,3.0,4.0,4.0,4.0,4.0,5.0,2.7,4.0,3.6,3.75,4.333333333333333
P213,27,Male,Low,Productivity,4.0,3.0,,3.0,3.0,3.0,4.0,3.0,3.0,2.0,4.0,4.0,5.0,5.0,4.0,4.0,2.0,3.0,4.0,3.0,3.0,4.0,3.0,4.0,3.0,4.0,5.0,4.0,3.111111111111111,4.333333333333333,3.0,3.5,4.333333333333333
P214,20,Male,High,Entertainment,4.0,3.0,4.0,3.0,3.0,3.0,2.0,,3.0,3.0,4.0,3.0,4.0,4.0,4.0,4.0,3.0,3.0,3.0,2.0,3.0,4.0,5.0,4.0,4.0,4.0,4.0,3.0,3.111111111111111,3.8333333333333335,2.8,4.25,3.6666666666666665
P215,28,Male,Medium,Study,4.0,5.0,4.0,4.0,5.0,4.0,5.0,5.0,5.0,5.0,5.0,5.0,5.0,3.0,5.0,5.0,4.0,5.0,4.0,4.0,5.0,5.0,5.0,5.0,5.0,4.0,5.0,5.0,4.6,4.666666666666667,4.4,5.0,4.666666666666667
P216,20,Female,Low,Social,3.0,,3.0,4.0,2.0,3.0,3.0,3.0,4.0,3.0,2.0,3.0,3.0,4.0,3.0,2.0,4.0,3.0,4.0,2.0,4.0,4.0,4.0,2.0,3.0,3.0,3.0,3.0,3.111111111111111,2.8333333333333335,3.4,3.25,3.0
P217,22,Female,Low,Study,3.0,3.0,4.0,4.0,3.0,4.0,3.0,4.0,4.0,4.0,5.0,4.0,4.0,5.0,5.0,4.0,3.0,3.0,3.0,3.0,4.0,2.0,4.0,4.0,4.0,4.0,4.0,3.0,3.6,4.5,3.2,3.5,3.6666666666666665
P218,29,Female,Medium,Productivity,4.0,4.0,4.0,3.0,4.0,4.0,4.0,3.0,4.0,3.0,4.0,3.0,5.0,5.0,5.0,4.0,3.0,3.0,3.0,3.0,3.0,5.0,4.0,5.0,4.0,5.0,5.0,5.0,3.7,4.333333333333333,3.0,4.5,5.0
P219,27,Male,Medium,Social,4.0,3.0,3.0,4.0,3.0,3.0,4.0,,3.0,3.0,5.0,2.0,4.0,4.0,5.0,3.0,1.0,3.0,2.0,3.0,3.0,3.0,3.0,3.0,3.0,3.0,3.0,5.0,3.3333333333333335,3.8333333333333335,2.4,3.0,3.6666666666666665
P220,31,Female,Low,Study,4.0,4.0,4.0,4.0,4.0,4.0,5.0,4.0,5.0,4.0,5.0,4.0,4.0,5.0,4.0,5.0,4.0,4.0,4.0,3.0,5.0,5.0,5.0,5.0,5.0,4.0,5.0,5.0,4.2,4.5,4.0,5.0,4.666666666666667
P221,27,Female,High,Study,3.0,3.0,4.0,3.0,2.0,3.0,2.0,4.0,3.0,2.0,3.0,3.0,5.0,4.0,3.0,4.0,4.0,4.0,5.0,4.0,3.0,5.0,4.0,4.0,3.0,3.0,4.0,3.0,2.9,3.6666666666666665,4.0,4.0,3.3333333333333335
P222,25,Male,Low,Study,4.0,3.0,4.0,3.0,3.0,4.0,4.0,3.0,3.0,3.0,4.0,4.0,4.0,5.0,4.0,4.0,3.0,4.0,3.0,4.0,2.0,3.0,4.0,4.0,3.0,3.0,4.0,4.0,3.4,4.166666666666667,3.2,3.5,3.6666666666666665
P223,19,Male,Medium,Study,2.0,3.0,2.0,2.0,2.0,2.0,3.0,3.0,3.0,2.0,4.0,4.0,4.0,5.0,5.0,5.0,4.0,4.0,4.0,4.0,5.0,4.0,4.0,4.0,4.0,5.0,5.0,4.0,2.4,4.5,4.2,4.0,4.666666666666667
P224,22,Female,High,Study,2.0,3.0,,3.0,3.0,3.0,3.0,2.0,3.0,3.0,3.0,5.0,4.0,4.0,4.0,3.0,3.0,3.0,2.0,2.0,3.0,4.0,3.0,4.0,4.0,3.0,3.0,4.0,2.7777777777777777,3.8333333333333335,2.6,3.75,3.3333333333333335
P225,21,Female,Medium,Productivity,3.0,3.0,4.0,2.0,3.0,3.0,2.0,3.0,4.0,4.0,4.0,4.0,4.0,3.0,5.0,3.0,3.0,2.0,3.0,3.0,3.0,5.0,4.0,5.0,5.0,4.0,4.0,4.0,3.1,3.8333333333333335,2.8,4.75,4.0
P226,21,Female,Medium,Study,3.0,3.0,3.0,3.0,3.0,4.0,3.0,3.0,3.0,4.0,3.0,3.0,3.0,3.0,3.0,3.0,4.0,4.0,3.0,3.0,3.0,4.0,3.0,4.0,4.0,5.0,4.0,4.0,3.2,3.0,3.4,3.75,4.333333333333333
P227,34,Male,Medium,Entertainment,4.0,3.0,3.0,2.0,3.0,3.0,3.0,,3.0,4.0,3.0,4.0,4.0,4.0,4.0,3.0,3.0,2.0,3.0,3.0,4.0,3.0,4.0,3.0,4.0,4.0,5.0,4.0,3.111111111111111,3.6666666666666665,3.0,3.5,4.333333333333333
P228,23,Female,Low,Social,3.0,3.0,3.0,3.0,3.0,1.0,3.0,3.0,3.0,3.0,3.0,3.0,4.0,3.0,3.0,3.0,3.0,3.0,3.0,3.0,4.0,4.0,4.0,5.0,5.0,3.0,3.0,3.0,2.8,3.1666666666666665,3.2,4.5,3.0
P229,32,Male,High,Productivity,2.0,3.0,2.0,3.0,4.0,3.0,2.0,2.0,3.0,3.0,4.0,3.0,3.0,2.0,4.0,3.0,4.0,3.0,3.0,4.0,2.0,4.0,4.0,3.0,3.0,4.0,4.0,3.0,2.7,3.1666666666666665,3.2,3.5,3.6666666666666665
P230,26,Male,Medium,Productivity,3.0,3.0,3.0,3.0,2.0,4.0,4.0,3.0,3.0,3.0,5.0,5.0,5.0,4.0,4.0,4.0,4.0,3.0,4.0,4.0,5.0,5.0,4.0,5.0,5.0,5.0,5.0,4.0,3.1,4.5,4.0,4.75,4.666666666666667
P231,30,Male,High,Study,3.0,2.0,1.0,2.0,3.0,2.0,3.0,3.0,,3.0,4.0,3.0,5.0,4.0,4.0,3.0,,4.0,4.0,4.0,4.0,5.0,5.0,4.0,5.0,5.0,5.0,4.0,2.4444444444444446,3.8333333333333335,4.0,4.75,4.666666666666667
P232,24,Female,Low,Productivity,3.0,3.0,4.0,3.0,4.0,3.0,4.0,5.0,4.0,4.0,5.0,5.0,5.0,5.0,5.0,5.0,4.0,3.0,3.0,4.0,3.0,3.0,4.0,3.0,3.0,4.0,3.0,4.0,3.7,5.0,3.4,3.25,3.6666666666666665
P233,25,Female,Low,Entertainment,3.0,3.0,3.0,4.0,3.0,5.0,4.0,3.0,3.0,4.0,4.0,3.0,4.0,5.0,,3.0,4.0,4.0,4.0,3.0,4.0,4.0,3.0,4.0,3.0,3.0,4.0,3.0,3.5,3.8,3.8,3.5,3.3333333333333335
P234,24,Female,Low,Entertainment,3.0,2.0,4.0,2.0,3.0,2.0,3.0,3.0,2.0,2.0,1.0,3.0,3.0,3.0,2.0,3.0,3.0,3.0,2.0,3.0,1.0,4.0,3.0,4.0,3.0,3.0,3.0,3.0,2.6,2.5,2.4,3.5,3.0
P235,20,Male,Medium,Study,4.0,3.0,3.0,3.0,3.0,4.0,2.0,3.0,3.0,4.0,4.0,4.0,4.0,5.0,4.0,4.0,4.0,4.0,4.0,2.0,4.0,4.0,4.0,3.0,4.0,4.0,4.0,4.0,3.2,4.166666666666667,3.6,3.75,4.0
P236,28,Female,Medium,Social,3.0,2.0,3.0,3.0,3.0,3.0,4.0,4.0,3.0,2.0,4.0,4.0,3.0,3.0,3.0,4.0,3.0,2.0,4.0,3.0,4.0,3.0,4.0,4.0,3.0,4.0,3.0,4.0,3.0,3.5,3.2,3.5,3.6666666666666665
P237,21,Male,High,Entertainment,3.0,3.0,3.0,4.0,4.0,2.0,3.0,3.0,4.0,3.0,4.0,3.0,4.0,3.0,4.0,5.0,4.0,3.0,4.0,4.0,4.0,4.0,5.0,3.0,4.0,4.0,4.0,4.0,3.2,3.8333333333333335,3.8,4.0,4.0
P238,18,Female,Medium,Study,5.0,4.0,4.0,5.0,4.0,4.0,5.0,4.0,4.0,5.0,5.0,4.0,4.0,5.0,5.0,5.0,4.0,4.0,4.0,4.0,5.0,4.0,4.0,3.0,5.0,4.0,3.0,3.0,4.4,4.666666666666667,4.2,4.0,3.3333333333333335
P239,27,Male,High,Study,3.0,3.0,3.0,3.0,3.0,2.0,3.0,1.0,2.0,2.0,2.0,3.0,2.0,3.0,3.0,2.0,1.0,2.0,3.0,1.0,1.0,4.0,3.0,4.0,3.0,3.0,3.0,2.0,2.5,2.5,1.6,3.5,2.6666666666666665
P240,20,Male,Low,Entertainment,4.0,3.0,2.0,3.0,3.0,3.0,4.0,2.0,4.0,3.0,3.0,3.0,2.0,3.0,4.0,4.0,2.0,4.0,3.0,3.0,3.0,5.0,5.0,4.0,4.0,3.0,4.0,3.0,3.1,3.1666666666666665,3.0,4.5,3.3333333333333335
P241,33,Male,High,Productivity,3.0,3.0,4.0,4.0,3.0,3.0,3.0,4.0,4.0,4.0,3.0,3.0,3.0,3.0,4.0,4.0,4.0,4.0,4.0,4.0,3.0,5.0,4.0,3.0,4.0,4.0,4.0,4.0,3.5,3.3333333333333335,3.8,4.0,4.0
P242,34,Male,High,Productivity,3.0,3.0,4.0,4.0,4.0,4.0,3.0,4.0,4.0,3.0,4.0,3.0,4.0,4.0,5.0,4.0,4.0,3.0,4.0,4.0,3.0,4.0,5.0,5.0,5.0,5.0,4.0,4.0,3.6,4.0,3.6,4.75,4.333333333333333
P243,32,Female,High,Productivity,3.0,4.0,3.0,4.0,4.0,4.0,4.0,3.0,3.0,4.0,5.0,4.0,4.0,5.0,3.0,5.0,4.0,5.0,5.0,3.0,4.0,5.0,4.0,5.0,4.0,4.0,4.0,5.0,3.6,4.333333333333333,4.2,4.5,4.333333333333333
P244,22,Female,High,Study,3.0,3.0,2.0,3.0,2.0,2.0,3.0,3.0,3.0,4.0,4.0,5.0,4.0,4.0,4.0,4.0,4.0,3.0,4.0,3.0,3.0,5.0,5.0,5.0,5.0,3.0,4.0,2.0,2.8,4.166666666666667,3.4,5.0,3.0
P245,18,Male,High,Entertainment,3.0,4.0,4.0,3.0,3.0,3.0,3.0,5.0,3.0,4.0,2.0,3.0,2.0,2.0,2.0,2.0,3.0,2.0,3.0,3.0,3.0,5.0,4.0,5.0,5.0,3.0,5.0,3.0,3.5,2.1666666666666665,2.8,4.75,3.6666666666666665
P246,33,Female,Medium,Entertainment,4.0,2.0,3.0,3.0,3.0,2.0,4.0,3.0,2.0,4.0,3.0,3.0,4.0,3.0,3.0,3.0,2.0,2.0,3.0,3.0,2.0,4.0,4.0,4.0,3.0,4.0,4.0,5.0,3.0,3.1666666666666665,2.4,3.75,4.333333333333333
P247,23,Male,Low,Study,4.0,4.0,3.0,3.0,3.0,3.0,4.0,4.0,4.0,4.0,4.0,4.0,4.0,4.0,4.0,5.0,3.0,2.0,3.0,4.0,4.0,3.0,3.0,4.0,3.0,5.0,4.0,5.0,3.6,4.166666666666667,3.2,3.25,4.666666666666667
P248,34,Female,Low,Study,3.0,,4.0,3.0,3.0,4.0,4.0,3.0,3.0,4.0,2.0,2.0,3.0,4.0,3.0,2.0,4.0,5.0,3.0,2.0,5.0,4.0,4.0,5.0,5.0,3.0,5.0,4.0,3.4444444444444446,2.6666666666666665,3.8,4.5,4.0
P249,34,Female,High,Productivity,5.0,5.0,5.0,4.0,4.0,5.0,4.0,5.0,4.0,4.0,4.0,5.0,5.0,4.0,4.0,4.0,4.0,5.0,4.0,4.0,4.0,5.0,4.0,4.0,5.0,5.0,3.0,5.0,4.5,4.333333333333333,4.2,4.5,4.333333333333333
P250,31,Female,Medium,Study,,5.0,3.0,3.0,3.0,3.0,3.0,3.0,3.0,3.0,4.0,4.0,3.0,4.0,3.0,3.0,3.0,3.0,3.0,2.0,3.0,4.0,4.0,4.0,4.0,3.0,3.0,3.0,3.2222222222222223,3.5,2.8,4.0,3.0
P251,21,Male,High,Entertainment,,3.0,3.0,2.0,2.0,2.0,3.0,3.0,4.0,2.0,3.0,4.0,4.0,3.0,3.0,3.0,4.0,3.0,3.0,4.0,4.0,2.0,4.0,4.0,3.0,4.0,4.0,4.0,2.6666666666666665,3.3333333333333335,3.6,3.25,4.0
P252,22,Female,Medium,Study,3.0,2.0,2.0,3.0,3.0,2.0,3.0,4.0,3.0,4.0,3.0,3.0,3.0,4.0,2.0,3.0,3.0,3.0,4.0,3.0,2.0,4.0,4.0,3.0,4.0,4.0,3.0,4.0,2.9,3.0,3.0,3.75,3.6666666666666665
P253,31,Female,Low,Study,4.0,2.0,3.0,2.0,2.0,2.0,2.0,3.0,1.0,2.0,4.0,4.0,3.0,4.0,3.0,3.0,3.0,2.0,2.0,3.0,3.0,4.0,4.0,3.0,4.0,4.0,4.0,3.0,2.3,3.5,2.6,3.75,3.6666666666666665
P254,21,Male,Low,Study,4.0,1.0,3.0,3.0,2.0,2.0,3.0,3.0,3.0,2.0,3.0,1.0,1.0,2.0,2.0,2.0,1.0,1.0,1.0,1.0,1.0,3.0,3.0,4.0,3.0,1.0,2.0,1.0,2.6,1.8333333333333333,1.0,3.25,1.3333333333333333
P255,20,Male,Medium,Social,4.0,3.0,4.0,4.0,3.0,3.0,3.0,2.0,3.0,3.0,5.0,4.0,4.0,4.0,4.0,3.0,4.0,4.0,4.0,3.0,3.0,4.0,4.0,3.0,3.0,5.0,3.0,4.0,3.2,4.0,3.6,3.5,4.0
P256,25,Female,Medium,Productivity,4.0,3.0,4.0,3.0,4.0,4.0,3.0,4.0,4.0,4.0,5.0,5.0,5.0,5.0,4.0,5.0,5.0,4.0,3.0,4.0,4.0,5.0,5.0,5.0,4.0,5.0,5.0,4.0,3.7,4.833333333333333,4.0,4.75,4.666666666666667
P257,33,Female,Low,Social,3.0,3.0,4.0,3.0,3.0,3.0,2.0,4.0,3.0,2.0,4.0,3.0,4.0,3.0,3.0,4.0,3.0,2.0,3.0,3.0,2.0,3.0,2.0,4.0,5.0,4.0,5.0,4.0,3.0,3.5,2.6,3.5,4.333333333333333
P258,28,Female,Medium,Entertainment,4.0,4.0,,4.0,4.0,4.0,3.0,4.0,4.0,3.0,3.0,3.0,3.0,3.0,2.0,3.0,4.0,3.0,2.0,4.0,3.0,3.0,3.0,4.0,3.0,3.0,4.0,4.0,3.7777777777777777,2.8333333333333335,3.2,3.25,3.6666666666666665
P259,25,Female,Low,Study,3.0,3.0,3.0,3.0,3.0,4.0,3.0,4.0,3.0,3.0,5.0,3.0,4.0,3.0,4.0,3.0,4.0,4.0,3.0,4.0,3.0,3.0,3.0,2.0,3.0,4.0,3.0,4.0,3.2,3.6666666666666665,3.6,2.75,3.6666666666666665
P260,19,Female,Medium,Entertainment,5.0,3.0,4.0,4.0,2.0,2.0,4.0,4.0,4.0,3.0,3.0,3.0,3.0,4.0,3.0,3.0,3.0,3.0,4.0,3.0,3.0,5.0,5.0,5.0,4.0,5.0,5.0,5.0,3.5,3.1666666666666665,3.2,4.75,5.0
P261,26,Male,Low,Entertainment,4.0,5.0,5.0,4.0,5.0,5.0,4.0,4.0,4.0,4.0,5.0,4.0,4.0,4.0,4.0,4.0,3.0,4.0,4.0,4.0,4.0,4.0,5.0,4.0,3.0,5.0,5.0,4.0,4.4,4.166666666666667,3.8,4.0,4.666666666666667
P262,35,Male,High,Productivity,4.0,4.0,3.0,4.0,4.0,4.0,4.0,3.0,4.0,3.0,4.0,4.0,4.0,4.0,3.0,5.0,2.0,4.0,2.0,3.0,3.0,3.0,3.0,4.0,4.0,4.0,5.0,5.0,3.7,4.0,2.8,3.5,4.666666666666667
P263,19,Male,Medium,Study,4.0,4.0,3.0,2.0,3.0,3.0,3.0,2.0,4.0,2.0,3.0,3.0,3.0,3.0,3.0,4.0,3.0,3.0,3.0,3.0,3.0,5.0,4.0,5.0,4.0,,5.0,4.0,3.0,3.1666666666666665,3.0,4.5,4.5
P264,24,Female,Medium,Entertainment,3.0,3.0,3.0,2.0,4.0,3.0,3.0,3.0,3.0,3.0,3.0,4.0,4.0,4.0,3.0,4.0,4.0,3.0,4.0,3.0,4.0,5.0,3.0,5.0,5.0,4.0,4.0,4.0,3.0,3.6666666666666665,3.6,4.5,4.0
P265,31,Male,Low,Study,3.0,3.0,2.0,2.0,2.0,3.0,1.0,2.0,4.0,1.0,2.0,2.0,3.0,2.0,3.0,3.0,3.0,2.0,4.0,2.0,3.0,2.0,4.0,4.0,3.0,2.0,2.0,2.0,2.3,2.5,2.8,3.25,2.0
P266,29,Female,Low,Study,3.0,3.0,3.0,3.0,4.0,3.0,3.0,3.0,3.0,2.0,3.0,3.0,2.0,3.0,3.0,4.0,4.0,4.0,4.0,3.0,,4.0,4.0,3.0,4.0,4.0,4.0,3.0,3.0,3.0,3.75,3.75,3.6666666666666665
P267,28,Female,Medium,Productivity,3.0,4.0,4.0,3.0,3.0,4.0,3.0,3.0,4.0,3.0,3.0,3.0,4.0,4.0,4.0,4.0,4.0,3.0,4.0,4.0,4.0,4.0,3.0,4.0,3.0,3.0,5.0,4.0,3.4,3.6666666666666665,3.8,3.5,4.0
P268,28,Female,Medium,Entertainment,2.0,2.0,4.0,2.0,3.0,3.0,3.0,3.0,3.0,3.0,3.0,4.0,4.0,4.0,3.0,3.0,2.0,3.0,2.0,2.0,3.0,4.0,3.0,4.0,4.0,4.0,2.0,3.0,2.8,3.5,2.4,3.75,3.0
P269,22,Male,Medium,Study,4.0,3.0,3.0,3.0,3.0,3.0,3.0,3.0,4.0,4.0,4.0,4.0,4.0,4.0,4.0,4.0,4.0,5.0,3.0,4.0,3.0,2.0,4.0,3.0,4.0,3.0,4.0,4.0,3.3,4.0,3.8,3.25,3.6666666666666665
P270,21,Female,Medium,Entertainment,4.0,4.0,3.0,4.0,3.0,3.0,3.0,4.0,3.0,5.0,4.0,4.0,4.0,4.0,5.0,3.0,4.0,3.0,3.0,4.0,3.0,4.0,4.0,4.0,3.0,,5.0,3.0,3.6,4.0,3.4,3.75,4.0
P271,30,Male,Medium,Entertainment,4.0,3.0,2.0,3.0,4.0,3.0,4.0,3.0,3.0,3.0,3.0,3.0,4.0,2.0,3.0,4.0,2.0,3.0,4.0,3.0,4.0,5.0,5.0,5.0,5.0,3.0,4.0,3.0,3.2,3.1666666666666665,3.2,5.0,3.3333333333333335
P272,30,Female,High,Productivity,4.0,2.0,3.0,3.0,,3.0,3.0,4.0,4.0,3.0,3.0,4.0,4.0,4.0,5.0,5.0,3.0,4.0,4.0,4.0,3.0,5.0,5.0,4.0,5.0,4.0,5.0,3.0,3.2222222222222223,4.166666666666667,3.6,4.75,4.0
P273,31,Male,High,Social,4.0,4.0,4.0,3.0,3.0,4.0,4.0,3.0,3.0,4.0,4.0,4.0,5.0,4.0,5.0,4.0,4.0,3.0,4.0,5.0,2.0,5.0,5.0,5.0,5.0,5.0,5.0,5.0,3.6,4.333333333333333,3.6,5.0,5.0
P274,32,Male,Low,Social,4.0,5.0,4.0,4.0,4.0,4.0,4.0,3.0,3.0,3.0,5.0,4.0,4.0,4.0,5.0,5.0,4.0,4.0,5.0,5.0,4.0,5.0,5.0,4.0,5.0,4.0,3.0,4.0,3.8,4.5,4.4,4.75,3.6666666666666665
P275,24,Female,Medium,Productivity,2.0,4.0,3.0,2.0,2.0,3.0,3.0,3.0,3.0,2.0,3.0,3.0,4.0,4.0,4.0,5.0,3.0,4.0,2.0,4.0,4.0,4.0,4.0,3.0,4.0,3.0,3.0,3.0,2.7,3.8333333333333335,3.4,3.75,3.0
P276,24,Male,Low,Study,4.0,4.0,4.0,4.0,5.0,5.0,4.0,4.0,5.0,4.0,5.0,4.0,4.0,4.0,4.0,4.0,3.0,3.0,5.0,4.0,3.0,5.0,3.0,4.0,4.0,5.0,4.0,5.0,4.3,4.166666666666667,3.6,4.0,4.666666666666667
P277,30,Male,Low,Productivity,4.0,4.0,3.0,4.0,4.0,4.0,4.0,3.0,4.0,3.0,4.0,4.0,4.0,3.0,3.0,3.0,3.0,3.0,3.0,3.0,4.0,4.0,4.0,5.0,4.0,5.0,5.0,4.0,3.7,3.5,3.2,4.25,4.666666666666667
P278,27,Female,High,Entertainment,4.0,3.0,4.0,4.0,3.0,3.0,2.0,4.0,4.0,3.0,4.0,3.0,4.0,3.0,3.0,3.0,3.0,3.0,3.0,2.0,3.0,3.0,4.0,4.0,5.0,3.0,4.0,3.0,3.4,3.3333333333333335,2.8,4.0,3.3333333333333335
P279,28,Female,Low,Study,4.0,3.0,4.0,4.0,4.0,4.0,4.0,4.0,5.0,4.0,5.0,4.0,4.0,5.0,5.0,,4.0,5.0,4.0,5.0,5.0,5.0,4.0,4.0,5.0,5.0,4.0,3.0,4.0,4.6,4.6,4.5,4.0
P280,30,Female,Medium,Productivity,4.0,3.0,3.0,3.0,3.0,3.0,3.0,4.0,3.0,3.0,4.0,4.0,4.0,5.0,5.0,4.0,4.0,4.0,4.0,4.0,4.0,5.0,5.0,5.0,5.0,4.0,4.0,4.0,3.2,4.333333333333333,4.0,5.0,4.0
P281,32,Female,Medium,Study,3.0,5.0,5.0,5.0,4.0,4.0,4.0,3.0,4.0,3.0,5.0,5.0,5.0,5.0,5.0,5.0,5.0,5.0,5.0,5.0,4.0,5.0,5.0,5.0,4.0,5.0,4.0,4.0,4.0,5.0,4.8,4.75,4.333333333333333
P282,22,Female,Medium,Social,3.0,3.0,4.0,3.0,4.0,4.0,4.0,4.0,3.0,4.0,5.0,4.0,4.0,4.0,5.0,3.0,4.0,5.0,5.0,5.0,3.0,,4.0,,5.0,4.0,5.0,4.0,3.6,4.166666666666667,4.4,4.5,4.333333333333333
P283,22,Male,Medium,Entertainment,4.0,3.0,4.0,2.0,3.0,2.0,3.0,3.0,3.0,3.0,4.0,5.0,4.0,5.0,3.0,3.0,2.0,3.0,4.0,2.0,3.0,4.0,3.0,4.0,5.0,5.0,3.0,4.0,3.0,4.0,2.8,4.0,4.0
P284,19,Male,Low,Productivity,4.0,3.0,3.0,3.0,3.0,4.0,3.0,3.0,4.0,3.0,3.0,4.0,3.0,3.0,3.0,3.0,3.0,3.0,4.0,5.0,4.0,4.0,3.0,5.0,2.0,4.0,4.0,4.0,3.3,3.1666666666666665,3.8,3.5,4.0
P285,25,Male,Medium,Productivity,3.0,4.0,2.0,3.0,2.0,3.0,2.0,2.0,3.0,3.0,5.0,4.0,3.0,3.0,4.0,4.0,3.0,3.0,3.0,4.0,3.0,4.0,,4.0,4.0,4.0,4.0,4.0,2.7,3.8333333333333335,3.2,4.0,4.0
P286,18,Female,Medium,Social,3.0,4.0,3.0,4.0,4.0,3.0,3.0,4.0,3.0,2.0,3.0,4.0,4.0,3.0,3.0,4.0,3.0,2.0,2.0,3.0,2.0,3.0,3.0,4.0,3.0,3.0,2.0,3.0,3.3,3.5,2.4,3.25,2.6666666666666665
P287,24,Female,Low,Productivity,3.0,5.0,4.0,3.0,2.0,4.0,3.0,3.0,4.0,3.0,4.0,3.0,3.0,3.0,5.0,5.0,4.0,4.0,3.0,3.0,3.0,4.0,4.0,4.0,4.0,4.0,5.0,5.0,3.4,3.8333333333333335,3.4,4.0,4.666666666666667
P288,25,Male,Medium,Productivity,3.0,3.0,4.0,3.0,3.0,3.0,4.0,3.0,3.0,3.0,4.0,3.0,3.0,4.0,4.0,4.0,4.0,4.0,4.0,4.0,5.0,5.0,4.0,4.0,3.0,4.0,5.0,4.0,3.2,3.6666666666666665,4.2,4.0,4.333333333333333
P289,21,Male,Low,Study,4.0,3.0,4.0,3.0,4.0,3.0,3.0,4.0,3.0,3.0,3.0,3.0,3.0,3.0,3.0,4.0,3.0,3.0,2.0,4.0,4.0,4.0,4.0,4.0,4.0,2.0,3.0,3.0,3.4,3.1666666666666665,3.2,4.0,2.6666666666666665
P290,26,Female,Low,Entertainment,3.0,2.0,2.0,2.0,3.0,2.0,3.0,2.0,2.0,2.0,3.0,4.0,2.0,2.0,3.0,2.0,3.0,2.0,2.0,3.0,3.0,3.0,3.0,3.0,4.0,4.0,4.0,3.0,2.3,2.6666666666666665,2.6,3.25,3.6666666666666665
P291,18,Male,Medium,Study,3.0,4.0,2.0,4.0,4.0,3.0,2.0,2.0,3.0,4.0,5.0,4.0,4.0,4.0,4.0,5.0,3.0,4.0,3.0,4.0,4.0,5.0,5.0,5.0,5.0,3.0,4.0,4.0,3.1,4.333333333333333,3.6,5.0,3.6666666666666665
P292,18,Female,Low,Productivity,3.0,3.0,4.0,3.0,4.0,3.0,3.0,2.0,3.0,3.0,4.0,3.0,3.0,4.0,3.0,3.0,3.0,3.0,3.0,3.0,3.0,3.0,4.0,5.0,3.0,3.0,4.0,4.0,3.1,3.3333333333333335,3.0,3.75,3.6666666666666665
P293,30,Female,Medium,Entertainment,2.0,4.0,3.0,5.0,3.0,4.0,3.0,4.0,4.0,5.0,5.0,4.0,5.0,4.0,5.0,5.0,3.0,4.0,3.0,4.0,3.0,4.0,3.0,4.0,3.0,5.0,4.0,3.0,3.7,4.666666666666667,3.4,3.5,4.0
P294,22,Female,Medium,Productivity,3.0,2.0,4.0,3.0,3.0,3.0,4.0,3.0,3.0,3.0,4.0,4.0,4.0,4.0,4.0,4.0,3.0,3.0,3.0,3.0,3.0,4.0,5.0,5.0,5.0,,3.0,4.0,3.1,4.0,3.0,4.75,3.5
P295,19,Male,High,Study,4.0,4.0,4.0,5.0,4.0,3.0,4.0,5.0,4.0,4.0,4.0,4.0,4.0,4.0,4.0,4.0,4.0,5.0,4.0,4.0,3.0,5.0,4.0,4.0,4.0,4.0,4.0,4.0,4.1,4.0,4.0,4.25,4.0
P296,25,Female,Low,Study,2.0,2.0,4.0,3.0,2.0,3.0,2.0,2.0,4.0,3.0,4.0,3.0,4.0,4.0,4.0,2.0,2.0,2.0,2.0,3.0,,4.0,4.0,5.0,4.0,4.0,4.0,3.0,2.7,3.5,2.25,4.25,3.6666666666666665
P297,29,Female,Low,Productivity,4.0,4.0,4.0,4.0,3.0,4.0,3.0,3.0,3.0,5.0,4.0,3.0,4.0,3.0,4.0,2.0,3.0,2.0,2.0,3.0,4.0,5.0,3.0,5.0,4.0,4.0,4.0,4.0,3.7,3.3333333333333335,2.8,4.25,4.0
P298,20,Female,Low,Study,3.0,3.0,4.0,3.0,3.0,4.0,4.0,3.0,3.0,3.0,4.0,4.0,4.0,4.0,4.0,4.0,,3.0,4.0,5.0,4.0,5.0,4.0,5.0,5.0,5.0,4.0,3.0,3.3,4.0,4.0,4.75,4.0
P299,26,Female,Medium,Study,4.0,3.0,3.0,3.0,2.0,2.0,3.0,3.0,5.0,2.0,5.0,4.0,4.0,4.0,4.0,5.0,2.0,4.0,2.0,2.0,4.0,3.0,3.0,5.0,2.0,5.0,4.0,4.0,3.0,4.333333333333333,2.8,3.25,4.333333333333333
P300,19,Female,Medium,Study,5.0,5.0,4.0,5.0,4.0,5.0,5.0,4.0,4.0,4.0,5.0,4.0,3.0,5.0,5.0,4.0,4.0,5.0,4.0,4.0,5.0,3.0,4.0,3.0,3.0,4.0,4.0,4.0,4.5,4.333333333333333,4.4,3.25,4.0
P301,18,Female,Low,Social,3.0,2.0,3.0,3.0,3.0,3.0,3.0,3.0,2.0,3.0,3.0,4.0,3.0,3.0,4.0,4.0,1.0,2.0,3.0,3.0,3.0,4.0,3.0,3.0,4.0,3.0,3.0,2.0,2.8,3.5,2.4,3.5,2.6666666666666665
P302,25,Male,High,Productivity,3.0,4.0,4.0,3.0,3.0,4.0,5.0,3.0,4.0,3.0,5.0,4.0,4.0,5.0,5.0,5.0,4.0,4.0,5.0,4.0,5.0,5.0,5.0,4.0,4.0,3.0,4.0,3.0,3.6,4.666666666666667,4.4,4.5,3.3333333333333335
P303,25,Female,Low,Study,5.0,5.0,4.0,4.0,4.0,5.0,4.0,3.0,3.0,4.0,3.0,3.0,4.0,3.0,4.0,3.0,5.0,4.0,,4.0,4.0,5.0,5.0,4.0,5.0,4.0,5.0,5.0,4.1,3.3333333333333335,4.25,4.75,4.666666666666667
P304,26,Female,Medium,Study,3.0,3.0,3.0,3.0,4.0,4.0,4.0,2.0,3.0,4.0,4.0,4.0,5.0,3.0,4.0,2.0,4.0,3.0,4.0,4.0,5.0,4.0,4.0,5.0,4.0,4.0,2.0,4.0,3.3,3.6666666666666665,4.0,4.25,3.3333333333333335
P305,28,Male,Medium,Study,4.0,4.0,4.0,3.0,4.0,5.0,3.0,3.0,5.0,4.0,4.0,3.0,4.0,4.0,4.0,4.0,4.0,5.0,4.0,4.0,4.0,4.0,4.0,4.0,4.0,4.0,3.0,3.0,3.9,3.8333333333333335,4.2,4.0,3.3333333333333335
P306,34,Female,High,Productivity,3.0,3.0,2.0,4.0,3.0,4.0,3.0,3.0,2.0,3.0,4.0,3.0,2.0,3.0,4.0,4.0,4.0,4.0,3.0,3.0,4.0,4.0,3.0,5.0,3.0,4.0,4.0,4.0,3.0,3.3333333333333335,3.6,3.75,4.0
P307,24,Female,Medium,Productivity,3.0,4.0,4.0,3.0,4.0,4.0,3.0,3.0,2.0,3.0,2.0,3.0,2.0,3.0,2.0,2.0,3.0,3.0,2.0,3.0,3.0,2.0,2.0,4.0,3.0,2.0,3.0,3.0,3.3,2.3333333333333335,2.8,2.75,2.6666666666666665
P308,22,Female,High,Study,4.0,4.0,3.0,3.0,4.0,3.0,3.0,3.0,3.0,4.0,5.0,5.0,5.0,4.0,5.0,5.0,5.0,4.0,5.0,5.0,4.0,5.0,4.0,5.0,5.0,4.0,3.0,,3.4,4.833333333333333,4.6,4.75,3.5
P309,30,Male,Medium,Study,3.0,3.0,3.0,3.0,4.0,3.0,3.0,4.0,4.0,3.0,5.0,5.0,5.0,5.0,5.0,5.0,4.0,4.0,3.0,4.0,3.0,5.0,4.0,5.0,4.0,5.0,4.0,4.0,3.3,5.0,3.6,4.5,4.333333333333333
P310,21,Male,High,Study,3.0,4.0,3.0,3.0,3.0,3.0,4.0,5.0,4.0,5.0,5.0,5.0,4.0,4.0,4.0,4.0,,4.0,3.0,5.0,4.0,5.0,5.0,5.0,5.0,5.0,5.0,4.0,3.7,4.333333333333333,4.0,5.0,4.666666666666667
P311,23,Other,Low,Productivity,3.0,3.0,3.0,4.0,4.0,3.0,4.0,4.0,3.0,5.0,3.0,4.0,4.0,3.0,3.0,4.0,4.0,4.0,4.0,4.0,4.0,3.0,3.0,3.0,3.0,4.0,4.0,3.0,3.6,3.5,4.0,3.0,3.6666666666666665
P312,18,Female,High,Productivity,3.0,3.0,2.0,2.0,3.0,2.0,2.0,1.0,3.0,3.0,3.0,2.0,2.0,3.0,,4.0,2.0,2.0,2.0,3.0,2.0,3.0,4.0,2.0,2.0,2.0,3.0,3.0,2.4,2.8,2.2,2.75,2.6666666666666665
P313,18,Male,Medium,Study,4.0,4.0,4.0,4.0,4.0,4.0,4.0,4.0,5.0,4.0,5.0,4.0,4.0,4.0,4.0,4.0,5.0,4.0,4.0,5.0,4.0,5.0,4.0,5.0,5.0,4.0,5.0,4.0,4.1,4.166666666666667,4.4,4.75,4.333333333333333
P314,34,Female,High,Study,3.0,2.0,4.0,2.0,4.0,2.0,2.0,2.0,4.0,3.0,2.0,3.0,4.0,4.0,4.0,3.0,2.0,4.0,4.0,4.0,4.0,4.0,4.0,4.0,5.0,5.0,4.0,4.0,2.8,3.3333333333333335,3.6,4.25,4.333333333333333
P315,30,Female,Medium,Study,4.0,4.0,4.0,4.0,4.0,4.0,5.0,4.0,4.0,5.0,5.0,5.0,4.0,5.0,5.0,5.0,4.0,5.0,4.0,5.0,4.0,5.0,5.0,5.0,5.0,5.0,4.0,4.0,4.2,4.833333333333333,4.4,5.0,4.333333333333333
P316,28,Female,Medium,Social,3.0,4.0,4.0,5.0,4.0,4.0,4.0,4.0,3.0,4.0,5.0,5.0,5.0,4.0,5.0,3.0,4.0,4.0,2.0,4.0,3.0,5.0,4.0,5.0,4.0,4.0,4.0,4.0,3.9,4.5,3.4,4.5,4.0
P317,23,Female,Medium,Study,2.0,3.0,3.0,3.0,2.0,3.0,3.0,2.0,2.0,3.0,3.0,3.0,2.0,2.0,2.0,3.0,3.0,3.0,2.0,3.0,3.0,5.0,4.0,4.0,3.0,4.0,3.0,3.0,2.6,2.5,2.8,4.0,3.3333333333333335
P318,20,Male,Medium,Productivity,4.0,4.0,3.0,4.0,3.0,3.0,4.0,3.0,3.0,2.0,4.0,4.0,5.0,4.0,5.0,4.0,4.0,2.0,3.0,4.0,2.0,5.0,4.0,5.0,4.0,3.0,2.0,3.0,3.3,4.333333333333333,3.0,4.5,2.6666666666666665
P319,19,Male,Low,Productivity,3.0,2.0,3.0,2.0,2.0,5.0,2.0,2.0,,3.0,3.0,4.0,4.0,5.0,4.0,5.0,3.0,3.0,3.0,3.0,3.0,4.0,3.0,3.0,4.0,4.0,4.0,4.0,2.6666666666666665,4.166666666666667,3.0,3.5,4.0
P320,21,Male,Low,Entertainment,3.0,4.0,3.0,3.0,3.0,4.0,3.0,3.0,3.0,4.0,4.0,4.0,4.0,5.0,3.0,4.0,3.0,3.0,3.0,3.0,3.0,4.0,5.0,4.0,4.0,4.0,5.0,4.0,3.3,4.0,3.0,4.25,4.333333333333333
P321,25,Female,Low,Study,3.0,2.0,4.0,3.0,3.0,3.0,3.0,3.0,4.0,2.0,5.0,5.0,5.0,5.0,5.0,5.0,3.0,3.0,3.0,4.0,4.0,5.0,5.0,4.0,5.0,2.0,3.0,4.0,3.0,5.0,3.4,4.75,3.0
P322,28,Male,Low,Study,4.0,4.0,5.0,3.0,4.0,4.0,4.0,3.0,5.0,4.0,3.0,4.0,3.0,3.0,3.0,3.0,2.0,3.0,3.0,3.0,4.0,3.0,2.0,2.0,3.0,4.0,4.0,4.0,4.0,3.1666666666666665,3.0,2.5,4.0
P323,27,Male,High,Productivity,5.0,4.0,3.0,4.0,5.0,4.0,4.0,5.0,4.0,3.0,5.0,5.0,5.0,5.0,4.0,5.0,4.0,4.0,4.0,4.0,5.0,5.0,4.0,,5.0,4.0,4.0,3.0,4.1,4.833333333333333,4.2,4.666666666666667,3.6666666666666665
P324,21,Male,Low,Productivity,5.0,4.0,4.0,5.0,5.0,4.0,5.0,4.0,5.0,4.0,4.0,4.0,5.0,,3.0,4.0,5.0,4.0,5.0,5.0,5.0,4.0,5.0,4.0,4.0,4.0,4.0,4.0,4.5,4.0,4.8,4.25,4.0
P325,34,Female,High,Productivity,3.0,3.0,3.0,4.0,2.0,2.0,5.0,2.0,3.0,4.0,3.0,5.0,4.0,4.0,4.0,4.0,4.0,2.0,3.0,2.0,3.0,4.0,4.0,3.0,4.0,3.0,4.0,4.0,3.1,4.0,2.8,3.75,3.6666666666666665
P326,28,Female,Medium,Entertainment,3.0,3.0,3.0,4.0,5.0,4.0,2.0,4.0,3.0,3.0,5.0,3.0,4.0,5.0,5.0,4.0,2.0,4.0,3.0,4.0,5.0,4.0,4.0,4.0,4.0,3.0,3.0,4.0,3.4,4.333333333333333,3.6,4.0,3.3333333333333335
P327,25,Male,Low,Study,2.0,3.0,3.0,2.0,3.0,2.0,3.0,2.0,3.0,2.0,3.0,2.0,3.0,2.0,3.0,3.0,3.0,4.0,4.0,3.0,3.0,4.0,4.0,3.0,3.0,4.0,4.0,2.0,2.5,2.6666666666666665,3.4,3.5,3.3333333333333335
P328,26,Male,High,Social,3.0,3.0,3.0,3.0,3.0,4.0,3.0,3.0,3.0,2.0,4.0,5.0,4.0,3.0,4.0,4.0,4.0,4.0,4.0,3.0,4.0,4.0,4.0,5.0,4.0,4.0,4.0,3.0,3.0,4.0,3.8,4.25,3.6666666666666665
P329,23,Female,Medium,Productivity,3.0,3.0,5.0,4.0,4.0,5.0,4.0,3.0,5.0,4.0,4.0,4.0,5.0,3.0,4.0,4.0,4.0,4.0,5.0,4.0,4.0,4.0,4.0,4.0,4.0,2.0,5.0,3.0,4.0,4.0,4.2,4.0,3.3333333333333335
P330,21,Male,Medium,Study,4.0,3.0,5.0,4.0,4.0,5.0,4.0,5.0,3.0,4.0,4.0,4.0,5.0,4.0,4.0,4.0,5.0,3.0,5.0,4.0,4.0,5.0,5.0,4.0,5.0,4.0,3.0,4.0,4.1,4.166666666666667,4.2,4.75,3.6666666666666665
P331,22,Male,Medium,Social,3.0,2.0,3.0,2.0,2.0,2.0,2.0,3.0,2.0,2.0,3.0,3.0,3.0,4.0,3.0,4.0,2.0,2.0,3.0,3.0,4.0,5.0,3.0,4.0,4.0,4.0,5.0,4.0,2.3,3.3333333333333335,2.8,4.0,4.333333333333333
P332,29,Male,Medium,Productivity,3.0,3.0,4.0,3.0,3.0,3.0,4.0,2.0,3.0,3.0,3.0,4.0,3.0,4.0,3.0,3.0,3.0,3.0,4.0,4.0,3.0,5.0,4.0,5.0,5.0,4.0,3.0,4.0,3.1,3.3333333333333335,3.4,4.75,3.6666666666666665
P333,18,Male,Low,Entertainment,3.0,2.0,4.0,3.0,3.0,4.0,4.0,2.0,4.0,3.0,3.0,4.0,3.0,4.0,3.0,4.0,3.0,3.0,2.0,4.0,4.0,4.0,4.0,4.0,3.0,5.0,,5.0,3.2,3.5,3.2,3.75,5.0
P334,19,Male,High,Productivity,3.0,3.0,3.0,4.0,3.0,3.0,4.0,4.0,4.0,3.0,5.0,4.0,4.0,5.0,4.0,5.0,4.0,4.0,4.0,3.0,4.0,5.0,4.0,4.0,3.0,5.0,4.0,5.0,3.4,4.5,3.8,4.0,4.666666666666667
P335,18,Female,High,Productivity,,3.0,2.0,2.0,3.0,3.0,4.0,3.0,3.0,2.0,4.0,4.0,4.0,4.0,5.0,4.0,3.0,3.0,3.0,4.0,3.0,5.0,4.0,5.0,5.0,3.0,5.0,4.0,2.7777777777777777,4.166666666666667,3.2,4.75,4.0
P336,18,Male,Medium,Productivity,3.0,4.0,4.0,3.0,3.0,5.0,3.0,3.0,3.0,5.0,4.0,3.0,3.0,3.0,4.0,3.0,3.0,4.0,5.0,3.0,3.0,3.0,4.0,4.0,4.0,4.0,4.0,4.0,3.6,3.3333333333333335,3.6,3.75,4.0
P337,31,Female,Low,Study,4.0,3.0,4.0,3.0,3.0,3.0,2.0,2.0,4.0,3.0,4.0,4.0,5.0,5.0,4.0,4.0,3.0,4.0,4.0,3.0,4.0,4.0,4.0,4.0,4.0,4.0,5.0,2.0,3.1,4.333333333333333,3.6,4.0,3.6666666666666665
P338,28,Male,Medium,Study,4.0,4.0,3.0,4.0,4.0,4.0,2.0,3.0,4.0,3.0,4.0,3.0,4.0,4.0,4.0,3.0,4.0,3.0,3.0,4.0,3.0,3.0,4.0,4.0,3.0,4.0,5.0,5.0,3.5,3.6666666666666665,3.4,3.5,4.666666666666667
P339,24,Female,Low,Social,3.0,4.0,3.0,4.0,4.0,3.0,3.0,4.0,3.0,4.0,4.0,5.0,3.0,4.0,3.0,4.0,5.0,5.0,4.0,4.0,3.0,4.0,4.0,5.0,4.0,4.0,3.0,3.0,3.5,3.8333333333333335,4.2,4.25,3.3333333333333335
P340,19,Female,Low,Study,3.0,,3.0,4.0,4.0,3.0,4.0,4.0,3.0,5.0,5.0,5.0,5.0,4.0,4.0,5.0,5.0,3.0,3.0,4.0,4.0,3.0,4.0,4.0,4.0,4.0,,3.0,3.6666666666666665,4.666666666666667,3.8,3.75,3.5
P341,24,Male,Low,Study,2.0,4.0,3.0,3.0,3.0,3.0,3.0,2.0,2.0,2.0,2.0,2.0,3.0,3.0,3.0,2.0,3.0,2.0,3.0,3.0,2.0,4.0,5.0,4.0,5.0,3.0,3.0,3.0,2.7,2.5,2.6,4.5,3.0
P342,24,Female,Medium,Entertainment,3.0,4.0,3.0,2.0,3.0,3.0,3.0,3.0,3.0,4.0,3.0,3.0,3.0,3.0,2.0,3.0,3.0,3.0,3.0,3.0,3.0,3.0,3.0,3.0,4.0,3.0,3.0,4.0,3.1,2.8333333333333335,3.0,3.25,3.3333333333333335
P343,20,Male,High,Entertainment,3.0,4.0,4.0,3.0,4.0,3.0,2.0,4.0,3.0,3.0,3.0,3.0,3.0,3.0,2.0,3.0,3.0,3.0,4.0,4.0,4.0,3.0,3.0,3.0,4.0,4.0,3.0,1.0,3.3,2.8333333333333335,3.6,3.25,2.6666666666666665
P344,23,Female,Medium,Productivity,2.0,5.0,2.0,4.0,2.0,3.0,4.0,4.0,4.0,,3.0,3.0,3.0,3.0,3.0,3.0,2.0,3.0,2.0,3.0,2.0,4.0,4.0,4.0,4.0,5.0,4.0,5.0,3.3333333333333335,3.0,2.4,4.0,4.666666666666667
P345,23,Male,High,Social,3.0,2.0,4.0,4.0,3.0,2.0,3.0,2.0,3.0,3.0,5.0,5.0,5.0,4.0,5.0,5.0,5.0,4.0,4.0,5.0,5.0,5.0,5.0,5.0,4.0,5.0,5.0,5.0,2.9,4.833333333333333,4.6,4.75,5.0
P346,26,Male,Medium,Study,4.0,5.0,5.0,5.0,4.0,4.0,5.0,5.0,4.0,4.0,4.0,4.0,5.0,4.0,4.0,4.0,4.0,4.0,4.0,,3.0,4.0,5.0,4.0,5.0,5.0,4.0,5.0,4.5,4.166666666666667,3.75,4.5,4.666666666666667
P347,26,Male,Medium,Study,4.0,4.0,5.0,4.0,4.0,4.0,3.0,4.0,4.0,4.0,3.0,4.0,3.0,3.0,3.0,2.0,3.0,3.0,3.0,4.0,4.0,4.0,4.0,4.0,5.0,4.0,3.0,3.0,4.0,3.0,3.4,4.25,3.3333333333333335
P348,18,Other,Medium,Study,3.0,3.0,3.0,3.0,4.0,3.0,3.0,4.0,2.0,2.0,4.0,4.0,3.0,3.0,4.0,4.0,4.0,4.0,5.0,3.0,4.0,3.0,4.0,3.0,4.0,5.0,4.0,4.0,3.0,3.6666666666666665,4.0,3.5,4.333333333333333
P349,22,Female,High,Social,3.0,4.0,4.0,3.0,4.0,4.0,3.0,4.0,4.0,4.0,4.0,4.0,3.0,3.0,3.0,4.0,4.0,3.0,3.0,3.0,3.0,4.0,4.0,5.0,4.0,4.0,4.0,4.0,3.7,3.5,3.2,4.25,4.0
P350,26,Female,Low,Productivity,3.0,3.0,4.0,3.0,4.0,3.0,3.0,2.0,3.0,3.0,3.0,3.0,3.0,3.0,3.0,2.0,4.0,4.0,3.0,3.0,3.0,4.0,5.0,4.0,5.0,3.0,3.0,3.0,3.1,2.8333333333333335,3.4,4.5,3.0
P351,24,Male,High,Study,4.0,4.0,4.0,5.0,4.0,3.0,4.0,4.0,4.0,4.0,4.0,4.0,5.0,4.0,4.0,3.0,4.0,5.0,4.0,4.0,4.0,5.0,4.0,5.0,5.0,4.0,5.0,4.0,4.0,4.0,4.2,4.75,4.333333333333333
P352,31,Female,Medium,Productivity,,4.0,4.0,3.0,4.0,3.0,4.0,4.0,4.0,3.0,3.0,3.0,3.0,4.0,3.0,3.0,4.0,4.0,3.0,3.0,4.0,4.0,5.0,4.0,5.0,4.0,4.0,3.0,3.6666666666666665,3.1666666666666665,3.6,4.5,3.6666666666666665
P353,27,Male,Medium,Productivity,4.0,2.0,4.0,4.0,3.0,4.0,3.0,3.0,4.0,3.0,5.0,5.0,4.0,4.0,4.0,4.0,2.0,2.0,3.0,2.0,3.0,4.0,5.0,4.0,5.0,4.0,4.0,4.0,3.4,4.333333333333333,2.4,4.5,4.0
P354,20,Female,Medium,Productivity,4.0,4.0,2.0,3.0,4.0,4.0,4.0,3.0,4.0,4.0,5.0,4.0,5.0,3.0,5.0,5.0,4.0,3.0,4.0,3.0,5.0,4.0,3.0,3.0,,5.0,4.0,4.0,3.6,4.5,3.8,3.3333333333333335,4.333333333333333
P355,18,Male,Medium,Social,2.0,2.0,3.0,3.0,2.0,2.0,2.0,2.0,2.0,2.0,2.0,3.0,3.0,3.0,3.0,3.0,3.0,3.0,2.0,3.0,3.0,5.0,5.0,5.0,4.0,4.0,4.0,4.0,2.2,2.8333333333333335,2.8,4.75,4.0
P356,27,Male,High,Study,3.0,2.0,3.0,2.0,3.0,2.0,3.0,1.0,3.0,3.0,3.0,5.0,3.0,4.0,4.0,3.0,3.0,3.0,3.0,3.0,3.0,4.0,3.0,3.0,3.0,3.0,3.0,3.0,2.5,3.6666666666666665,3.0,3.25,3.0
P357,18,Male,High,Productivity,3.0,2.0,3.0,3.0,3.0,3.0,3.0,4.0,2.0,2.0,3.0,4.0,4.0,3.0,3.0,3.0,2.0,3.0,4.0,2.0,2.0,4.0,4.0,4.0,4.0,4.0,3.0,5.0,2.8,3.3333333333333335,2.6,4.0,4.0
P358,26,Male,Medium,Entertainment,3.0,4.0,5.0,3.0,4.0,3.0,4.0,3.0,4.0,3.0,5.0,5.0,5.0,4.0,5.0,4.0,3.0,4.0,4.0,5.0,5.0,4.0,5.0,4.0,5.0,5.0,5.0,5.0,3.6,4.666666666666667,4.2,4.5,5.0
P359,33,Female,Low,Productivity,5.0,4.0,4.0,4.0,4.0,4.0,4.0,5.0,5.0,3.0,5.0,5.0,5.0,5.0,4.0,5.0,5.0,5.0,4.0,4.0,5.0,4.0,5.0,4.0,5.0,3.0,3.0,3.0,4.2,4.833333333333333,4.6,4.5,3.0
P360,25,Male,Medium,Productivity,5.0,5.0,4.0,5.0,5.0,5.0,4.0,5.0,5.0,5.0,4.0,5.0,5.0,5.0,4.0,4.0,4.0,4.0,5.0,5.0,4.0,4.0,5.0,5.0,5.0,4.0,4.0,4.0,4.8,4.5,4.4,4.75,4.0
P361,22,Female,High,Productivity,3.0,3.0,5.0,4.0,3.0,4.0,3.0,5.0,3.0,3.0,4.0,4.0,3.0,3.0,4.0,4.0,4.0,5.0,4.0,5.0,3.0,5.0,4.0,3.0,5.0,3.0,3.0,4.0,3.6,3.6666666666666665,4.2,4.25,3.3333333333333335
P362,27,Male,Low,Productivity,3.0,4.0,3.0,3.0,2.0,4.0,4.0,4.0,4.0,4.0,4.0,5.0,4.0,4.0,4.0,4.0,4.0,5.0,4.0,3.0,3.0,4.0,4.0,4.0,3.0,4.0,3.0,4.0,3.5,4.166666666666667,3.8,3.75,3.6666666666666665
P363,23,Female,Medium,Study,3.0,3.0,2.0,2.0,3.0,2.0,2.0,2.0,3.0,3.0,3.0,4.0,4.0,3.0,4.0,3.0,5.0,4.0,4.0,4.0,4.0,4.0,3.0,4.0,4.0,4.0,3.0,3.0,2.5,3.5,4.2,3.75,3.3333333333333335
P364,25,Male,Medium,Entertainment,3.0,4.0,3.0,3.0,3.0,3.0,,3.0,3.0,2.0,3.0,3.0,3.0,3.0,3.0,3.0,2.0,3.0,3.0,,2.0,3.0,5.0,4.0,3.0,4.0,4.0,4.0,3.0,3.0,2.5,3.75,4.0
P365,33,Male,Medium,Social,3.0,3.0,4.0,3.0,3.0,4.0,3.0,3.0,2.0,2.0,5.0,4.0,4.0,4.0,4.0,4.0,3.0,4.0,2.0,2.0,2.0,4.0,3.0,3.0,3.0,4.0,5.0,5.0,3.0,4.166666666666667,2.6,3.25,4.666666666666667
P366,22,Female,Low,Social,3.0,3.0,3.0,3.0,2.0,3.0,2.0,2.0,4.0,5.0,3.0,3.0,3.0,3.0,3.0,,3.0,3.0,2.0,2.0,3.0,5.0,,3.0,3.0,3.0,3.0,3.0,3.0,3.0,2.6,3.6666666666666665,3.0
P367,34,Male,Medium,Study,4.0,3.0,3.0,4.0,3.0,4.0,3.0,4.0,4.0,4.0,3.0,3.0,4.0,3.0,3.0,4.0,4.0,3.0,4.0,4.0,4.0,4.0,3.0,3.0,3.0,3.0,2.0,3.0,3.6,3.3333333333333335,3.8,3.25,2.6666666666666665
P368,32,Male,High,Study,2.0,4.0,3.0,3.0,2.0,4.0,3.0,3.0,3.0,3.0,4.0,4.0,4.0,4.0,4.0,4.0,3.0,3.0,4.0,4.0,3.0,4.0,4.0,4.0,4.0,5.0,5.0,5.0,3.0,4.0,3.4,4.0,5.0
P369,20,Female,Low,Study,3.0,2.0,2.0,3.0,3.0,3.0,2.0,3.0,2.0,2.0,4.0,3.0,4.0,4.0,4.0,4.0,2.0,2.0,2.0,3.0,3.0,4.0,4.0,4.0,4.0,5.0,4.0,3.0,2.5,3.8333333333333335,2.4,4.0,4.0
P370,18,Female,Low,Productivity,4.0,4.0,4.0,4.0,3.0,4.0,3.0,,3.0,3.0,5.0,5.0,5.0,4.0,5.0,5.0,3.0,4.0,4.0,4.0,3.0,4.0,5.0,5.0,5.0,5.0,4.0,4.0,3.5555555555555554,4.833333333333333,3.6,4.75,4.333333333333333
P371,19,Male,High,Productivity,3.0,3.0,3.0,3.0,3.0,3.0,3.0,3.0,4.0,3.0,3.0,2.0,3.0,4.0,3.0,3.0,2.0,2.0,2.0,3.0,3.0,3.0,4.0,4.0,2.0,4.0,3.0,4.0,3.1,3.0,2.4,3.25,3.6666666666666665
P372,18,Male,Low,Study,3.0,3.0,4.0,3.0,4.0,4.0,3.0,4.0,4.0,3.0,5.0,5.0,5.0,4.0,4.0,4.0,4.0,2.0,4.0,5.0,4.0,4.0,3.0,5.0,4.0,5.0,4.0,4.0,3.5,4.5,3.8,4.0,4.333333333333333
P373,19,Female,High,Entertainment,4.0,5.0,4.0,4.0,4.0,5.0,4.0,4.0,4.0,3.0,4.0,4.0,3.0,4.0,3.0,4.0,3.0,4.0,4.0,5.0,3.0,5.0,5.0,5.0,5.0,4.0,4.0,3.0,4.1,3.6666666666666665,3.8,5.0,3.6666666666666665
P374,27,Male,Medium,Productivity,3.0,3.0,4.0,3.0,2.0,3.0,3.0,2.0,3.0,2.0,4.0,4.0,4.0,3.0,4.0,4.0,3.0,3.0,4.0,3.0,5.0,4.0,4.0,4.0,5.0,4.0,3.0,4.0,2.8,3.8333333333333335,3.6,4.25,3.6666666666666665
P375,18,Male,Low,Productivity,2.0,2.0,2.0,3.0,2.0,2.0,3.0,2.0,1.0,2.0,2.0,2.0,2.0,2.0,1.0,4.0,2.0,3.0,2.0,1.0,2.0,4.0,3.0,3.0,3.0,2.0,2.0,2.0,2.1,2.1666666666666665,2.0,3.25,2.0
P376,21,Male,High,Entertainment,3.0,3.0,4.0,3.0,3.0,3.0,3.0,3.0,4.0,3.0,3.0,3.0,3.0,3.0,3.0,4.0,3.0,3.0,2.0,2.0,2.0,4.0,4.0,4.0,3.0,4.0,5.0,3.0,3.2,3.1666666666666665,2.4,3.75,4.0
P377,31,Female,Medium,Entertainment,,5.0,4.0,3.0,4.0,3.0,4.0,5.0,5.0,4.0,3.0,5.0,5.0,4.0,4.0,4.0,4.0,3.0,4.0,5.0,3.0,3.0,3.0,3.0,3.0,4.0,5.0,5.0,4.111111111111111,4.166666666666667,3.8,3.0,4.666666666666667
P378,18,Female,Medium,Entertainment,4.0,5.0,5.0,5.0,4.0,4.0,3.0,5.0,4.0,4.0,4.0,4.0,3.0,3.0,4.0,3.0,3.0,2.0,3.0,3.0,4.0,4.0,4.0,3.0,3.0,5.0,5.0,4.0,4.3,3.5,3.0,3.5,4.666666666666667
P379,30,Male,Medium,Study,3.0,3.0,3.0,3.0,2.0,3.0,2.0,2.0,2.0,2.0,4.0,3.0,3.0,3.0,4.0,3.0,4.0,3.0,3.0,3.0,2.0,5.0,3.0,3.0,4.0,4.0,4.0,3.0,2.5,3.3333333333333335,3.0,3.75,3.6666666666666665
P380,21,Male,Medium,Entertainment,3.0,3.0,4.0,5.0,2.0,2.0,3.0,3.0,2.0,4.0,4.0,4.0,5.0,5.0,4.0,5.0,4.0,2.0,3.0,2.0,2.0,4.0,5.0,4.0,5.0,5.0,5.0,4.0,3.1,4.5,2.6,4.5,4.666666666666667
P381,19,Male,Low,Productivity,3.0,3.0,3.0,4.0,3.0,4.0,3.0,3.0,2.0,3.0,3.0,4.0,4.0,3.0,2.0,3.0,2.0,4.0,4.0,3.0,,3.0,3.0,3.0,3.0,3.0,5.0,4.0,3.1,3.1666666666666665,3.25,3.0,4.0
P382,28,Female,Medium,Productivity,,4.0,3.0,4.0,3.0,4.0,3.0,2.0,3.0,3.0,4.0,4.0,4.0,4.0,4.0,5.0,3.0,3.0,3.0,3.0,3.0,5.0,5.0,5.0,5.0,5.0,4.0,4.0,3.2222222222222223,4.166666666666667,3.0,5.0,4.333333333333333
P383,26,Male,High,Productivity,5.0,5.0,5.0,5.0,5.0,5.0,5.0,5.0,5.0,5.0,5.0,5.0,5.0,5.0,4.0,4.0,4.0,5.0,4.0,4.0,4.0,5.0,4.0,5.0,4.0,5.0,4.0,5.0,5.0,4.666666666666667,4.2,4.5,4.666666666666667
P384,31,Male,Low,Productivity,2.0,3.0,3.0,3.0,3.0,3.0,2.0,3.0,2.0,3.0,3.0,4.0,4.0,3.0,3.0,4.0,3.0,2.0,4.0,3.0,4.0,4.0,3.0,4.0,4.0,3.0,3.0,3.0,2.7,3.5,3.2,3.75,3.0
P385,28,Female,Medium,Study,4.0,3.0,4.0,4.0,4.0,4.0,4.0,4.0,3.0,4.0,3.0,3.0,,3.0,3.0,3.0,3.0,4.0,2.0,3.0,3.0,4.0,4.0,3.0,4.0,3.0,5.0,4.0,3.8,3.0,3.0,3.75,4.0
P386,30,Male,Medium,Entertainment,4.0,4.0,3.0,3.0,4.0,4.0,4.0,3.0,4.0,3.0,5.0,5.0,5.0,5.0,5.0,5.0,3.0,4.0,4.0,3.0,3.0,5.0,5.0,5.0,4.0,5.0,4.0,5.0,3.6,5.0,3.4,4.75,4.666666666666667
P387,21,Female,High,Study,4.0,3.0,3.0,4.0,4.0,5.0,4.0,5.0,4.0,4.0,5.0,4.0,5.0,3.0,5.0,4.0,3.0,2.0,4.0,4.0,3.0,4.0,5.0,5.0,5.0,5.0,5.0,5.0,4.0,4.333333333333333,3.2,4.75,5.0
P388,20,Male,Low,Study,2.0,3.0,4.0,3.0,4.0,3.0,3.0,5.0,4.0,3.0,4.0,3.0,3.0,4.0,4.0,5.0,4.0,4.0,3.0,4.0,3.0,4.0,5.0,3.0,5.0,3.0,3.0,4.0,3.4,3.8333333333333335,3.6,4.25,3.3333333333333335
P389,29,Male,High,Productivity,5.0,4.0,4.0,4.0,3.0,4.0,3.0,3.0,3.0,3.0,3.0,3.0,3.0,3.0,4.0,4.0,5.0,5.0,5.0,5.0,5.0,4.0,4.0,3.0,2.0,5.0,5.0,5.0,3.6,3.3333333333333335,5.0,3.25,5.0
P390,30,Male,Medium,Social,4.0,3.0,3.0,4.0,3.0,3.0,3.0,4.0,3.0,4.0,4.0,5.0,4.0,4.0,4.0,5.0,4.0,5.0,4.0,4.0,5.0,5.0,5.0,5.0,5.0,5.0,4.0,4.0,3.4,4.333333333333333,4.4,5.0,4.333333333333333
P391,35,Female,Low,Study,3.0,4.0,4.0,3.0,4.0,4.0,3.0,4.0,3.0,4.0,3.0,4.0,3.0,3.0,3.0,4.0,3.0,3.0,4.0,2.0,4.0,3.0,4.0,3.0,4.0,3.0,3.0,3.0,3.6,3.3333333333333335,3.2,3.5,3.0
P392,23,Female,Low,Entertainment,4.0,3.0,4.0,2.0,4.0,3.0,3.0,2.0,4.0,4.0,4.0,5.0,4.0,4.0,4.0,4.0,3.0,4.0,4.0,3.0,4.0,2.0,3.0,4.0,4.0,4.0,3.0,5.0,3.3,4.166666666666667,3.6,3.25,4.0
P393,22,Female,Low,Productivity,3.0,4.0,4.0,4.0,3.0,5.0,4.0,4.0,4.0,3.0,4.0,4.0,4.0,4.0,3.0,5.0,2.0,2.0,5.0,2.0,3.0,4.0,4.0,4.0,4.0,4.0,4.0,4.0,3.8,4.0,2.8,4.0,4.0
P394,29,Male,Medium,Study,3.0,3.0,3.0,4.0,3.0,4.0,3.0,4.0,3.0,4.0,3.0,3.0,4.0,4.0,4.0,4.0,5.0,5.0,5.0,4.0,3.0,5.0,4.0,3.0,2.0,4.0,4.0,3.0,3.4,3.6666666666666665,4.4,3.5,3.6666666666666665
P395,22,Female,Medium,Entertainment,4.0,4.0,4.0,4.0,3.0,3.0,3.0,3.0,3.0,3.0,4.0,3.0,5.0,4.0,4.0,5.0,3.0,4.0,4.0,5.0,4.0,5.0,5.0,5.0,5.0,4.0,4.0,4.0,3.4,4.166666666666667,4.0,5.0,4.0
P396,33,Male,High,Productivity,3.0,2.0,3.0,4.0,4.0,3.0,4.0,4.0,3.0,4.0,4.0,,4.0,5.0,5.0,4.0,3.0,3.0,3.0,4.0,3.0,5.0,4.0,5.0,5.0,4.0,,4.0,3.4,4.4,3.2,4.75,4.0
P397,31,Male,Medium,Productivity,4.0,4.0,4.0,4.0,4.0,4.0,4.0,3.0,3.0,4.0,5.0,5.0,5.0,5.0,5.0,5.0,5.0,5.0,5.0,5.0,5.0,5.0,5.0,4.0,5.0,4.0,5.0,4.0,3.8,5.0,5.0,4.75,4.333333333333333
P398,23,Female,Low,Study,3.0,2.0,3.0,3.0,4.0,4.0,3.0,3.0,4.0,4.0,4.0,4.0,3.0,5.0,3.0,3.0,3.0,3.0,3.0,4.0,4.0,4.0,5.0,5.0,5.0,4.0,4.0,4.0,3.3,3.6666666666666665,3.4,4.75,4.0
P399,29,Male,Medium,Study,2.0,3.0,2.0,3.0,2.0,3.0,2.0,3.0,2.0,2.0,2.0,3.0,3.0,2.0,2.0,3.0,3.0,3.0,3.0,2.0,3.0,3.0,3.0,2.0,3.0,4.0,3.0,4.0,2.4,2.5,2.8,2.75,3.6666666666666665
P400,29,Male,Medium,Productivity,4.0,5.0,3.0,4.0,4.0,5.0,4.0,4.0,5.0,5.0,5.0,,4.0,5.0,4.0,3.0,5.0,3.0,4.0,4.0,4.0,5.0,5.0,5.0,5.0,4.0,4.0,4.0,4.3,4.2,4.0,5.0,4.0
P401,19,Male,Low,Entertainment,3.0,3.0,3.0,4.0,4.0,3.0,4.0,2.0,2.0,2.0,2.0,2.0,3.0,3.0,2.0,3.0,3.0,4.0,2.0,3.0,2.0,3.0,3.0,2.0,3.0,3.0,4.0,3.0,3.0,2.5,2.8,2.75,3.3333333333333335
P402,32,Male,Low,Study,3.0,4.0,3.0,3.0,3.0,4.0,2.0,4.0,3.0,3.0,3.0,2.0,4.0,3.0,2.0,1.0,3.0,3.0,4.0,5.0,4.0,3.0,4.0,4.0,3.0,4.0,3.0,3.0,3.2,2.5,3.8,3.5,3.3333333333333335
P403,24,Male,Low,Productivity,3.0,3.0,1.0,3.0,4.0,3.0,4.0,3.0,2.0,2.0,4.0,4.0,3.0,4.0,5.0,3.0,2.0,3.0,2.0,2.0,2.0,4.0,4.0,4.0,3.0,4.0,3.0,3.0,2.8,3.8333333333333335,2.2,3.75,3.3333333333333335
P404,30,Female,Medium,Study,5.0,5.0,5.0,4.0,4.0,3.0,5.0,5.0,4.0,3.0,5.0,5.0,5.0,5.0,5.0,5.0,3.0,3.0,4.0,4.0,2.0,5.0,5.0,5.0,5.0,5.0,5.0,5.0,4.3,5.0,3.2,5.0,5.0
P405,22,Male,Medium,Productivity,2.0,3.0,3.0,2.0,2.0,2.0,2.0,2.0,2.0,2.0,3.0,3.0,3.0,2.0,4.0,4.0,3.0,2.0,2.0,2.0,3.0,4.0,4.0,4.0,5.0,4.0,2.0,4.0,2.2,3.1666666666666665,2.4,4.25,3.3333333333333335
P406,32,Female,Medium,Study,5.0,5.0,5.0,5.0,4.0,5.0,5.0,5.0,5.0,5.0,5.0,4.0,5.0,5.0,5.0,5.0,5.0,5.0,5.0,,5.0,5.0,5.0,5.0,4.0,5.0,3.0,3.0,4.9,4.833333333333333,5.0,4.75,3.6666666666666665
P407,22,Female,High,Social,4.0,5.0,4.0,5.0,3.0,4.0,3.0,4.0,4.0,5.0,,5.0,4.0,4.0,4.0,4.0,3.0,4.0,4.0,4.0,4.0,4.0,4.0,,4.0,4.0,5.0,5.0,4.1,4.2,3.8,4.0,4.666666666666667
P408,18,Male,High,Study,4.0,3.0,3.0,4.0,4.0,4.0,3.0,5.0,4.0,4.0,3.0,4.0,4.0,4.0,3.0,4.0,3.0,2.0,3.0,3.0,3.0,5.0,5.0,5.0,5.0,4.0,4.0,3.0,3.8,3.6666666666666665,2.8,5.0,3.6666666666666665
P409,32,Male,Medium,Study,3.0,3.0,4.0,3.0,4.0,3.0,3.0,3.0,3.0,4.0,4.0,3.0,3.0,2.0,4.0,3.0,2.0,4.0,3.0,3.0,3.0,4.0,3.0,3.0,3.0,3.0,4.0,5.0,3.3,3.1666666666666665,3.0,3.25,4.0
P410,19,Male,High,Study,4.0,3.0,5.0,5.0,5.0,3.0,4.0,5.0,3.0,4.0,5.0,4.0,4.0,4.0,5.0,5.0,5.0,4.0,4.0,4.0,4.0,4.0,4.0,4.0,4.0,5.0,4.0,4.0,4.1,4.5,4.2,4.0,4.333333333333333
P411,21,Female,Low,Study,4.0,3.0,4.0,4.0,4.0,4.0,4.0,4.0,4.0,4.0,3.0,4.0,3.0,3.0,3.0,2.0,2.0,2.0,3.0,3.0,3.0,4.0,4.0,3.0,4.0,3.0,3.0,3.0,3.9,3.0,2.6,3.75,3.0
P412,34,Male,Low,Productivity,3.0,3.0,4.0,4.0,5.0,4.0,3.0,3.0,4.0,4.0,4.0,4.0,4.0,4.0,3.0,3.0,3.0,4.0,3.0,3.0,3.0,4.0,4.0,4.0,4.0,4.0,3.0,4.0,3.7,3.6666666666666665,3.2,4.0,3.6666666666666665
P413,34,Female,Low,Social,4.0,5.0,4.0,3.0,3.0,3.0,3.0,5.0,3.0,4.0,4.0,5.0,4.0,4.0,5.0,4.0,5.0,4.0,5.0,5.0,5.0,5.0,5.0,4.0,4.0,4.0,5.0,4.0,3.7,4.333333333333333,4.8,4.5,4.333333333333333
P414,25,Male,Low,Study,4.0,3.0,3.0,4.0,3.0,3.0,3.0,4.0,4.0,4.0,3.0,3.0,3.0,3.0,3.0,3.0,3.0,3.0,4.0,3.0,2.0,3.0,4.0,4.0,3.0,2.0,2.0,2.0,3.5,3.0,3.0,3.5,2.0
P415,26,Female,Medium,Entertainment,3.0,4.0,3.0,4.0,4.0,3.0,4.0,4.0,3.0,3.0,5.0,4.0,4.0,4.0,4.0,4.0,3.0,3.0,3.0,4.0,4.0,5.0,5.0,4.0,5.0,4.0,4.0,3.0,3.5,4.166666666666667,3.4,4.75,3.6666666666666665
P416,23,Male,High,Productivity,3.0,3.0,3.0,2.0,4.0,4.0,3.0,4.0,3.0,3.0,3.0,4.0,4.0,3.0,4.0,5.0,4.0,3.0,3.0,4.0,3.0,5.0,5.0,5.0,4.0,5.0,4.0,4.0,3.2,3.8333333333333335,3.4,4.75,4.333333333333333
P417,21,Male,Low,Social,4.0,2.0,3.0,4.0,3.0,3.0,3.0,3.0,4.0,3.0,3.0,3.0,4.0,4.0,3.0,3.0,4.0,3.0,3.0,2.0,2.0,3.0,3.0,3.0,3.0,3.0,3.0,3.0,3.2,3.3333333333333335,2.8,3.0,3.0
P418,22,Female,Low,Entertainment,4.0,4.0,4.0,5.0,4.0,5.0,4.0,4.0,4.0,5.0,5.0,4.0,5.0,5.0,5.0,3.0,4.0,4.0,4.0,3.0,4.0,5.0,4.0,5.0,4.0,5.0,5.0,4.0,4.3,4.5,3.8,4.5,4.666666666666667
P419,27,Female,Medium,Entertainment,4.0,3.0,4.0,4.0,4.0,5.0,5.0,,4.0,3.0,5.0,4.0,5.0,5.0,5.0,5.0,5.0,4.0,4.0,4.0,5.0,5.0,5.0,5.0,5.0,4.0,4.0,4.0,4.0,4.833333333333333,4.4,5.0,4.0
P420,29,Male,High,Entertainment,3.0,2.0,2.0,1.0,3.0,2.0,,2.0,2.0,2.0,4.0,4.0,3.0,3.0,3.0,2.0,2.0,3.0,1.0,3.0,2.0,4.0,4.0,4.0,5.0,4.0,4.0,4.0,2.111111111111111,3.1666666666666665,2.2,4.25,4.0
P421,30,Female,Medium,Productivity,3.0,3.0,4.0,4.0,5.0,3.0,4.0,4.0,4.0,5.0,2.0,4.0,3.0,4.0,,3.0,3.0,3.0,2.0,3.0,2.0,4.0,4.0,4.0,4.0,4.0,3.0,4.0,3.9,3.2,2.6,4.0,3.6666666666666665
P422,29,Female,Medium,Study,3.0,5.0,3.0,4.0,4.0,2.0,3.0,2.0,2.0,4.0,4.0,4.0,3.0,4.0,4.0,4.0,4.0,4.0,5.0,4.0,4.0,4.0,5.0,5.0,5.0,4.0,4.0,5.0,3.2,3.8333333333333335,4.2,4.75,4.333333333333333
P423,19,Female,Low,Productivity,4.0,4.0,3.0,4.0,4.0,,3.0,4.0,2.0,4.0,2.0,4.0,4.0,3.0,3.0,3.0,4.0,,2.0,4.0,3.0,5.0,4.0,4.0,4.0,3.0,5.0,4.0,3.5555555555555554,3.1666666666666665,3.25,4.25,4.0
P424,24,Female,Low,Study,4.0,3.0,2.0,3.0,4.0,2.0,4.0,3.0,4.0,3.0,4.0,4.0,3.0,4.0,5.0,3.0,5.0,4.0,4.0,4.0,4.0,4.0,4.0,4.0,4.0,4.0,5.0,3.0,3.2,3.8333333333333335,4.2,4.0,4.0
P425,18,Male,High,Productivity,4.0,5.0,5.0,4.0,4.0,5.0,4.0,5.0,5.0,4.0,3.0,4.0,3.0,4.0,4.0,3.0,3.0,3.0,3.0,3.0,3.0,4.0,4.0,5.0,5.0,5.0,3.0,5.0,4.5,3.5,3.0,4.5,4.333333333333333
P426,25,Male,High,Study,5.0,3.0,3.0,5.0,4.0,4.0,4.0,4.0,3.0,5.0,5.0,4.0,5.0,4.0,5.0,4.0,4.0,3.0,3.0,4.0,3.0,4.0,5.0,4.0,4.0,5.0,4.0,4.0,4.0,4.5,3.4,4.25,4.333333333333333
P427,23,Male,Low,Entertainment,2.0,3.0,4.0,3.0,2.0,,3.0,3.0,3.0,4.0,4.0,3.0,5.0,4.0,3.0,4.0,4.0,4.0,4.0,4.0,3.0,4.0,5.0,4.0,5.0,4.0,4.0,5.0,3.0,3.8333333333333335,3.8,4.5,4.333333333333333
P428,32,Female,High,Entertainment,4.0,4.0,5.0,3.0,4.0,2.0,4.0,4.0,4.0,3.0,4.0,2.0,3.0,3.0,2.0,4.0,2.0,3.0,4.0,4.0,4.0,4.0,2.0,4.0,4.0,4.0,4.0,5.0,3.7,3.0,3.4,3.5,4.333333333333333
P429,22,Female,Medium,Productivity,3.0,3.0,3.0,4.0,2.0,2.0,4.0,2.0,3.0,2.0,3.0,3.0,4.0,2.0,3.0,2.0,3.0,2.0,4.0,4.0,3.0,3.0,3.0,2.0,3.0,3.0,4.0,4.0,2.8,2.8333333333333335,3.2,2.75,3.6666666666666665
P430,19,Male,High,Study,4.0,3.0,1.0,4.0,3.0,3.0,3.0,4.0,1.0,3.0,3.0,3.0,3.0,3.0,3.0,3.0,3.0,3.0,3.0,3.0,3.0,4.0,4.0,4.0,4.0,5.0,4.0,5.0,2.9,3.0,3.0,4.0,4.666666666666667
P431,19,Male,Medium,Entertainment,4.0,3.0,3.0,5.0,3.0,3.0,3.0,4.0,2.0,3.0,3.0,4.0,3.0,3.0,3.0,2.0,2.0,2.0,4.0,3.0,2.0,4.0,4.0,5.0,5.0,2.0,4.0,4.0,3.3,3.0,2.6,4.5,3.3333333333333335
P432,29,Female,Medium,Entertainment,4.0,4.0,4.0,3.0,4.0,4.0,4.0,4.0,4.0,4.0,5.0,5.0,5.0,5.0,5.0,5.0,4.0,4.0,4.0,3.0,4.0,5.0,4.0,4.0,4.0,4.0,5.0,5.0,3.9,5.0,3.8,4.25,4.666666666666667
P433,26,Other,Medium,Entertainment,4.0,3.0,3.0,4.0,4.0,4.0,3.0,5.0,4.0,3.0,3.0,3.0,4.0,5.0,4.0,4.0,3.0,4.0,3.0,4.0,4.0,4.0,5.0,5.0,5.0,4.0,5.0,5.0,3.7,3.8333333333333335,3.6,4.75,4.666666666666667
P434,19,Female,Medium,Productivity,4.0,3.0,3.0,2.0,3.0,5.0,4.0,3.0,5.0,3.0,4.0,3.0,3.0,4.0,3.0,4.0,3.0,2.0,4.0,3.0,3.0,4.0,4.0,5.0,4.0,5.0,4.0,5.0,3.5,3.5,3.0,4.25,4.666666666666667
P435,19,Male,Low,Productivity,4.0,4.0,5.0,4.0,4.0,4.0,4.0,3.0,4.0,3.0,4.0,4.0,4.0,5.0,3.0,4.0,4.0,4.0,5.0,4.0,4.0,5.0,4.0,4.0,4.0,4.0,,4.0,3.9,4.0,4.2,4.25,4.0
P436,28,Male,Low,Productivity,4.0,4.0,4.0,3.0,3.0,4.0,4.0,4.0,3.0,5.0,4.0,3.0,4.0,4.0,3.0,4.0,5.0,3.0,4.0,4.0,5.0,4.0,5.0,3.0,3.0,4.0,4.0,4.0,3.8,3.6666666666666665,4.2,3.75,4.0
P437,18,Male,Medium,Study,3.0,2.0,2.0,4.0,4.0,3.0,3.0,3.0,3.0,3.0,4.0,3.0,3.0,4.0,3.0,5.0,3.0,3.0,3.0,3.0,3.0,5.0,5.0,5.0,5.0,5.0,4.0,4.0,3.0,3.6666666666666665,3.0,5.0,4.333333333333333
P438,30,Female,Medium,Productivity,3.0,5.0,3.0,3.0,4.0,5.0,4.0,4.0,4.0,4.0,5.0,4.0,4.0,5.0,5.0,5.0,5.0,4.0,4.0,3.0,3.0,4.0,4.0,4.0,5.0,3.0,4.0,4.0,3.9,4.666666666666667,3.8,4.25,3.6666666666666665
P439,28,Male,Low,Entertainment,4.0,5.0,4.0,3.0,4.0,3.0,4.0,4.0,4.0,4.0,4.0,5.0,4.0,4.0,4.0,4.0,4.0,3.0,3.0,3.0,4.0,5.0,4.0,4.0,5.0,5.0,4.0,5.0,3.9,4.166666666666667,3.4,4.5,4.666666666666667
P440,19,Female,Medium,Study,3.0,4.0,4.0,4.0,3.0,4.0,4.0,4.0,3.0,4.0,4.0,4.0,4.0,4.0,4.0,3.0,3.0,3.0,4.0,3.0,3.0,4.0,4.0,4.0,4.0,5.0,4.0,5.0,3.7,3.8333333333333335,3.2,4.0,4.666666666666667
P441,19,Male,High,Study,4.0,4.0,4.0,3.0,4.0,4.0,4.0,3.0,5.0,5.0,5.0,5.0,4.0,5.0,5.0,5.0,3.0,4.0,4.0,4.0,3.0,5.0,5.0,5.0,4.0,4.0,5.0,4.0,4.0,4.833333333333333,3.6,4.75,4.333333333333333
P442,35,Female,Low,Study,5.0,4.0,4.0,4.0,4.0,4.0,5.0,4.0,4.0,5.0,5.0,4.0,4.0,4.0,5.0,4.0,3.0,2.0,4.0,3.0,4.0,4.0,3.0,4.0,4.0,3.0,3.0,3.0,4.3,4.333333333333333,3.2,3.75,3.0
P443,22,Female,Medium,Productivity,3.0,3.0,4.0,2.0,4.0,3.0,4.0,4.0,3.0,3.0,3.0,4.0,3.0,3.0,4.0,4.0,3.0,4.0,3.0,3.0,4.0,3.0,3.0,3.0,3.0,3.0,3.0,3.0,3.3,3.5,3.4,3.0,3.0
P444,22,Female,Medium,Productivity,4.0,4.0,5.0,4.0,5.0,4.0,3.0,4.0,4.0,4.0,4.0,5.0,5.0,5.0,5.0,4.0,3.0,3.0,4.0,4.0,,4.0,5.0,5.0,5.0,5.0,5.0,5.0,4.1,4.666666666666667,3.5,4.75,5.0
P445,30,Male,High,Productivity,3.0,4.0,4.0,2.0,3.0,4.0,3.0,4.0,4.0,4.0,5.0,3.0,3.0,4.0,4.0,4.0,4.0,3.0,3.0,4.0,3.0,5.0,5.0,5.0,5.0,5.0,4.0,4.0,3.5,3.8333333333333335,3.4,5.0,4.333333333333333
P446,33,Male,Low,Entertainment,3.0,2.0,3.0,3.0,4.0,5.0,3.0,2.0,4.0,3.0,4.0,3.0,3.0,4.0,3.0,4.0,4.0,4.0,5.0,4.0,5.0,5.0,5.0,4.0,5.0,5.0,5.0,5.0,3.2,3.5,4.4,4.75,5.0
P447,35,Male,Medium,Entertainment,4.0,4.0,3.0,4.0,2.0,4.0,2.0,4.0,3.0,3.0,4.0,4.0,5.0,4.0,4.0,4.0,2.0,3.0,2.0,2.0,2.0,3.0,4.0,4.0,4.0,4.0,4.0,3.0,3.3,4.166666666666667,2.2,3.75,3.6666666666666665
P448,29,Female,High,Study,3.0,3.0,3.0,3.0,2.0,3.0,4.0,2.0,3.0,3.0,5.0,5.0,5.0,5.0,5.0,4.0,3.0,3.0,3.0,3.0,4.0,5.0,5.0,5.0,5.0,5.0,5.0,5.0,2.9,4.833333333333333,3.2,5.0,5.0
P449,22,Female,High,Study,3.0,2.0,4.0,3.0,2.0,3.0,3.0,2.0,4.0,4.0,4.0,4.0,5.0,3.0,4.0,5.0,4.0,4.0,4.0,4.0,5.0,5.0,5.0,5.0,4.0,4.0,5.0,5.0,3.0,4.166666666666667,4.2,4.75,4.666666666666667
P450,19,Female,Medium,Entertainment,4.0,3.0,3.0,3.0,3.0,3.0,4.0,3.0,3.0,2.0,4.0,3.0,4.0,4.0,4.0,2.0,3.0,4.0,3.0,3.0,3.0,4.0,4.0,,4.0,4.0,4.0,4.0,3.1,3.5,3.2,4.0,4.0
P451,29,Female,Medium,Study,3.0,3.0,3.0,3.0,2.0,2.0,3.0,3.0,3.0,3.0,4.0,3.0,4.0,4.0,4.0,3.0,3.0,3.0,4.0,5.0,4.0,5.0,5.0,4.0,5.0,5.0,5.0,4.0,2.8,3.6666666666666665,3.8,4.75,4.666666666666667
P452,25,Female,Medium,Study,3.0,4.0,3.0,4.0,4.0,3.0,2.0,3.0,2.0,3.0,4.0,4.0,4.0,5.0,5.0,4.0,3.0,3.0,4.0,4.0,4.0,5.0,5.0,4.0,4.0,3.0,4.0,3.0,3.1,4.333333333333333,3.6,4.5,3.3333333333333335
P453,23,Male,High,Entertainment,2.0,,2.0,2.0,2.0,,2.0,2.0,3.0,3.0,5.0,4.0,4.0,4.0,5.0,4.0,2.0,2.0,3.0,,3.0,3.0,3.0,4.0,4.0,3.0,3.0,4.0,2.25,4.333333333333333,2.5,3.5,3.3333333333333335
P454,32,Female,Medium,Productivity,3.0,3.0,3.0,4.0,4.0,3.0,4.0,4.0,3.0,4.0,4.0,3.0,,4.0,4.0,4.0,3.0,2.0,3.0,2.0,2.0,3.0,4.0,5.0,5.0,2.0,4.0,3.0,3.5,3.8,2.4,4.25,3.0
P455,19,Male,Low,Social,5.0,4.0,4.0,2.0,4.0,4.0,3.0,3.0,4.0,4.0,4.0,4.0,3.0,3.0,4.0,4.0,3.0,3.0,4.0,3.0,3.0,5.0,5.0,4.0,5.0,4.0,4.0,3.0,3.7,3.6666666666666665,3.2,4.75,3.6666666666666665
P456,24,Male,High,Social,4.0,2.0,3.0,3.0,3.0,3.0,1.0,2.0,3.0,4.0,5.0,4.0,3.0,4.0,4.0,4.0,3.0,3.0,3.0,2.0,2.0,4.0,4.0,4.0,4.0,5.0,4.0,4.0,2.8,4.0,2.6,4.0,4.333333333333333
P457,18,Female,Medium,Productivity,3.0,4.0,4.0,3.0,4.0,3.0,4.0,4.0,3.0,5.0,3.0,3.0,4.0,4.0,,3.0,2.0,4.0,3.0,3.0,3.0,3.0,4.0,4.0,4.0,4.0,4.0,4.0,3.7,3.4,3.0,3.75,4.0
P458,24,Male,Medium,Entertainment,3.0,4.0,4.0,4.0,4.0,4.0,4.0,3.0,5.0,5.0,5.0,5.0,4.0,4.0,5.0,4.0,4.0,3.0,4.0,5.0,3.0,5.0,5.0,5.0,5.0,5.0,5.0,5.0,4.0,4.5,3.8,5.0,5.0
P459,18,Male,Low,Productivity,3.0,2.0,3.0,2.0,2.0,3.0,3.0,2.0,3.0,3.0,2.0,4.0,3.0,3.0,4.0,3.0,3.0,4.0,3.0,3.0,3.0,3.0,4.0,4.0,3.0,3.0,4.0,4.0,2.6,3.1666666666666665,3.2,3.5,3.6666666666666665
P460,19,Female,Medium,Productivity,3.0,4.0,2.0,2.0,4.0,3.0,3.0,3.0,3.0,3.0,4.0,5.0,4.0,4.0,4.0,,4.0,4.0,4.0,5.0,4.0,5.0,5.0,5.0,4.0,3.0,5.0,4.0,3.0,4.2,4.2,4.75,4.0
P461,19,Male,Medium,Study,3.0,2.0,4.0,2.0,3.0,3.0,3.0,3.0,2.0,3.0,4.0,3.0,3.0,3.0,3.0,3.0,3.0,3.0,2.0,3.0,3.0,5.0,4.0,3.0,4.0,2.0,3.0,3.0,2.8,3.1666666666666665,2.8,4.0,2.6666666666666665
P462,27,Female,Medium,Entertainment,3.0,2.0,2.0,3.0,2.0,3.0,3.0,4.0,3.0,3.0,3.0,3.0,3.0,3.0,3.0,4.0,3.0,4.0,3.0,2.0,3.0,5.0,3.0,4.0,4.0,3.0,4.0,3.0,2.8,3.1666666666666665,3.0,4.0,3.3333333333333335
P463,29,Male,Low,Productivity,4.0,4.0,4.0,4.0,4.0,,5.0,4.0,,4.0,4.0,4.0,4.0,4.0,3.0,3.0,3.0,3.0,3.0,3.0,3.0,4.0,4.0,4.0,4.0,4.0,3.0,4.0,4.125,3.6666666666666665,3.0,4.0,3.6666666666666665
P464,26,Male,Medium,Entertainment,3.0,4.0,4.0,3.0,3.0,3.0,2.0,3.0,3.0,4.0,4.0,4.0,5.0,4.0,5.0,4.0,3.0,3.0,3.0,3.0,4.0,5.0,5.0,5.0,5.0,4.0,4.0,3.0,3.2,4.333333333333333,3.2,5.0,3.6666666666666665
P465,34,Male,High,Entertainment,3.0,,3.0,3.0,3.0,2.0,4.0,5.0,4.0,3.0,5.0,3.0,3.0,4.0,4.0,4.0,4.0,3.0,4.0,5.0,5.0,3.0,4.0,3.0,4.0,3.0,3.0,3.0,3.3333333333333335,3.8333333333333335,4.2,3.5,3.0
P466,22,Male,Low,Entertainment,1.0,1.0,3.0,3.0,2.0,3.0,3.0,2.0,2.0,2.0,3.0,3.0,3.0,2.0,3.0,2.0,4.0,3.0,2.0,3.0,,4.0,4.0,3.0,4.0,3.0,3.0,1.0,2.2,2.6666666666666665,3.0,3.75,2.3333333333333335
P467,21,Female,High,Study,4.0,4.0,5.0,3.0,4.0,4.0,3.0,4.0,2.0,5.0,5.0,4.0,4.0,4.0,5.0,5.0,3.0,3.0,4.0,2.0,3.0,4.0,,5.0,4.0,5.0,5.0,4.0,3.8,4.5,3.0,4.333333333333333,4.666666666666667
P468,31,Male,Medium,Study,2.0,3.0,1.0,3.0,2.0,3.0,2.0,3.0,3.0,3.0,4.0,5.0,5.0,5.0,4.0,4.0,3.0,3.0,3.0,3.0,4.0,5.0,5.0,5.0,5.0,4.0,4.0,3.0,2.5,4.5,3.2,5.0,3.6666666666666665
P469,20,Female,High,Study,4.0,4.0,4.0,5.0,3.0,3.0,3.0,4.0,3.0,5.0,4.0,4.0,3.0,3.0,4.0,3.0,4.0,4.0,,4.0,4.0,4.0,4.0,4.0,4.0,4.0,4.0,4.0,3.8,3.5,4.0,4.0,4.0
P470,34,Male,High,Study,5.0,3.0,2.0,3.0,4.0,3.0,3.0,4.0,4.0,3.0,5.0,4.0,4.0,3.0,2.0,4.0,3.0,4.0,2.0,2.0,3.0,4.0,4.0,5.0,5.0,5.0,5.0,5.0,3.4,3.6666666666666665,2.8,4.5,5.0
P471,18,Female,Medium,Study,4.0,4.0,4.0,3.0,4.0,4.0,5.0,5.0,4.0,4.0,4.0,4.0,2.0,4.0,3.0,4.0,3.0,4.0,5.0,3.0,4.0,5.0,2.0,4.0,4.0,4.0,3.0,3.0,4.1,3.5,3.8,3.75,3.3333333333333335
P472,34,Female,Medium,Productivity,3.0,3.0,4.0,3.0,4.0,2.0,2.0,3.0,3.0,3.0,4.0,3.0,3.0,4.0,3.0,4.0,3.0,5.0,3.0,4.0,4.0,2.0,2.0,3.0,3.0,4.0,5.0,4.0,3.0,3.5,3.8,2.5,4.333333333333333
P473,18,Female,High,Study,2.0,1.0,1.0,1.0,2.0,3.0,1.0,2.0,2.0,2.0,1.0,2.0,1.0,1.0,1.0,2.0,2.0,3.0,2.0,1.0,3.0,2.0,1.0,1.0,1.0,2.0,2.0,3.0,1.7,1.3333333333333333,2.2,1.25,2.3333333333333335
P474,32,Male,Medium,Entertainment,4.0,3.0,3.0,3.0,4.0,3.0,3.0,4.0,4.0,4.0,3.0,4.0,4.0,4.0,4.0,4.0,3.0,4.0,3.0,4.0,4.0,3.0,4.0,3.0,3.0,4.0,5.0,4.0,3.5,3.8333333333333335,3.6,3.25,4.333333333333333
P475,25,Male,Medium,Study,5.0,5.0,4.0,4.0,4.0,4.0,5.0,5.0,4.0,5.0,3.0,4.0,4.0,4.0,4.0,3.0,4.0,5.0,4.0,4.0,5.0,4.0,4.0,4.0,4.0,4.0,4.0,4.0,4.5,3.6666666666666665,4.4,4.0,4.0
P476,35,Male,Medium,Social,5.0,4.0,5.0,4.0,5.0,4.0,4.0,3.0,4.0,4.0,4.0,4.0,4.0,3.0,4.0,5.0,4.0,4.0,4.0,3.0,4.0,5.0,4.0,4.0,4.0,5.0,5.0,5.0,4.2,4.0,3.8,4.25,5.0
P477,18,Female,High,Study,5.0,3.0,2.0,4.0,3.0,4.0,3.0,2.0,4.0,3.0,3.0,2.0,3.0,3.0,3.0,2.0,3.0,3.0,4.0,3.0,4.0,4.0,4.0,5.0,5.0,4.0,4.0,4.0,3.3,2.6666666666666665,3.4,4.5,4.0
P478,25,Male,High,Entertainment,2.0,3.0,3.0,4.0,3.0,3.0,3.0,3.0,3.0,3.0,3.0,3.0,3.0,3.0,3.0,4.0,2.0,3.0,3.0,3.0,2.0,4.0,4.0,5.0,3.0,4.0,4.0,3.0,3.0,3.1666666666666665,2.6,4.0,3.6666666666666665
P479,34,Female,High,Productivity,4.0,3.0,5.0,4.0,4.0,3.0,5.0,3.0,4.0,3.0,5.0,5.0,5.0,4.0,4.0,5.0,5.0,5.0,5.0,5.0,4.0,4.0,5.0,5.0,4.0,5.0,5.0,5.0,3.8,4.666666666666667,4.8,4.5,5.0
P480,25,Female,Medium,Productivity,2.0,3.0,4.0,2.0,3.0,4.0,2.0,3.0,3.0,3.0,5.0,5.0,4.0,5.0,5.0,4.0,3.0,3.0,4.0,4.0,3.0,3.0,4.0,3.0,4.0,4.0,4.0,3.0,2.9,4.666666666666667,3.4,3.5,3.6666666666666665
P481,26,Male,High,Study,4.0,4.0,4.0,3.0,4.0,4.0,4.0,4.0,5.0,4.0,4.0,5.0,5.0,4.0,5.0,5.0,4.0,4.0,5.0,4.0,4.0,5.0,5.0,5.0,5.0,5.0,5.0,5.0,4.0,4.666666666666667,4.2,5.0,5.0
P482,28,Female,Low,Productivity,3.0,3.0,3.0,2.0,3.0,4.0,4.0,3.0,4.0,3.0,4.0,4.0,5.0,5.0,3.0,4.0,4.0,4.0,4.0,2.0,4.0,5.0,4.0,5.0,5.0,2.0,4.0,3.0,3.2,4.166666666666667,3.6,4.75,3.0
P483,23,Male,Medium,Entertainment,4.0,4.0,5.0,3.0,4.0,4.0,4.0,3.0,4.0,5.0,4.0,3.0,3.0,3.0,4.0,4.0,3.0,5.0,4.0,3.0,3.0,4.0,5.0,5.0,4.0,4.0,3.0,5.0,4.0,3.5,3.6,4.5,4.0
P484,26,Male,Low,Entertainment,5.0,5.0,5.0,5.0,5.0,5.0,5.0,5.0,5.0,5.0,5.0,5.0,4.0,4.0,5.0,5.0,3.0,4.0,4.0,3.0,3.0,5.0,5.0,5.0,5.0,5.0,5.0,5.0,5.0,4.666666666666667,3.4,5.0,5.0
P485,26,Female,Medium,Study,4.0,3.0,4.0,4.0,4.0,5.0,3.0,4.0,3.0,3.0,3.0,3.0,4.0,3.0,4.0,3.0,4.0,5.0,3.0,4.0,4.0,4.0,5.0,4.0,4.0,4.0,4.0,3.0,3.7,3.3333333333333335,4.0,4.25,3.6666666666666665
P486,32,Female,Medium,Study,4.0,3.0,3.0,3.0,3.0,3.0,3.0,2.0,4.0,3.0,3.0,2.0,2.0,3.0,3.0,1.0,3.0,2.0,3.0,2.0,2.0,3.0,3.0,4.0,5.0,4.0,5.0,4.0,3.1,2.3333333333333335,2.4,3.75,4.333333333333333
P487,18,Female,Medium,Productivity,3.0,3.0,3.0,3.0,3.0,4.0,3.0,4.0,3.0,2.0,3.0,4.0,3.0,4.0,4.0,5.0,3.0,4.0,3.0,4.0,2.0,4.0,4.0,4.0,3.0,4.0,5.0,5.0,3.1,3.8333333333333335,3.2,3.75,4.666666666666667
P488,21,Male,Medium,Entertainment,2.0,2.0,2.0,2.0,3.0,3.0,3.0,3.0,2.0,2.0,4.0,5.0,5.0,4.0,5.0,4.0,2.0,3.0,2.0,3.0,2.0,5.0,5.0,4.0,4.0,4.0,4.0,4.0,2.4,4.5,2.4,4.5,4.0
P489,34,Male,Medium,Entertainment,3.0,3.0,3.0,3.0,2.0,3.0,4.0,4.0,3.0,4.0,4.0,4.0,3.0,3.0,3.0,4.0,3.0,3.0,2.0,3.0,4.0,4.0,3.0,4.0,4.0,4.0,4.0,4.0,3.2,3.5,3.0,3.75,4.0
P490,32,Female,Medium,Productivity,3.0,3.0,4.0,4.0,4.0,2.0,4.0,4.0,2.0,3.0,3.0,4.0,4.0,3.0,4.0,4.0,3.0,3.0,4.0,3.0,4.0,2.0,,4.0,4.0,4.0,4.0,3.0,3.3,3.6666666666666665,3.4,3.3333333333333335,3.6666666666666665
P491,23,Female,Low,Productivity,3.0,3.0,4.0,2.0,2.0,3.0,4.0,4.0,2.0,3.0,3.0,3.0,3.0,3.0,3.0,3.0,3.0,5.0,3.0,4.0,4.0,2.0,3.0,3.0,3.0,3.0,5.0,3.0,3.0,3.0,3.8,2.75,3.6666666666666665
P492,26,Female,Medium,Study,3.0,4.0,3.0,4.0,3.0,3.0,3.0,3.0,3.0,3.0,4.0,5.0,3.0,5.0,5.0,5.0,4.0,4.0,5.0,4.0,4.0,4.0,4.0,4.0,4.0,3.0,3.0,4.0,3.2,4.5,4.2,4.0,3.3333333333333335
P493,21,Male,Low,Productivity,4.0,3.0,4.0,3.0,3.0,3.0,3.0,3.0,3.0,3.0,5.0,4.0,4.0,4.0,4.0,5.0,3.0,3.0,4.0,4.0,4.0,4.0,4.0,4.0,3.0,3.0,3.0,3.0,3.2,4.333333333333333,3.6,3.75,3.0
P494,20,Female,Low,Study,4.0,3.0,4.0,4.0,4.0,5.0,3.0,4.0,4.0,4.0,4.0,5.0,5.0,5.0,5.0,5.0,4.0,5.0,5.0,4.0,3.0,5.0,5.0,5.0,5.0,3.0,3.0,2.0,3.9,4.833333333333333,4.2,5.0,2.6666666666666665
P495,24,Male,Medium,Productivity,3.0,4.0,4.0,4.0,,2.0,5.0,3.0,2.0,3.0,4.0,4.0,4.0,4.0,4.0,4.0,3.0,4.0,3.0,3.0,4.0,4.0,4.0,3.0,,5.0,4.0,4.0,3.3333333333333335,4.0,3.4,3.6666666666666665,4.333333333333333
P496,22,Male,Medium,Productivity,3.0,3.0,4.0,5.0,3.0,3.0,4.0,4.0,3.0,3.0,4.0,3.0,4.0,3.0,2.0,3.0,3.0,3.0,4.0,3.0,3.0,5.0,4.0,4.0,4.0,3.0,4.0,3.0,3.5,3.1666666666666665,3.2,4.25,3.3333333333333335
P497,26,Female,Medium,Social,4.0,4.0,3.0,3.0,4.0,4.0,3.0,2.0,4.0,3.0,3.0,3.0,3.0,3.0,4.0,4.0,3.0,4.0,5.0,3.0,4.0,4.0,3.0,4.0,4.0,4.0,5.0,3.0,3.4,3.3333333333333335,3.8,3.75,4.0
P498,18,Male,Medium,Study,5.0,4.0,,4.0,3.0,3.0,4.0,3.0,4.0,3.0,3.0,4.0,5.0,,4.0,4.0,5.0,4.0,5.0,4.0,4.0,4.0,4.0,3.0,5.0,5.0,4.0,4.0,3.6666666666666665,4.0,4.4,4.0,4.333333333333333
P499,34,Female,Medium,Study,3.0,3.0,4.0,4.0,5.0,4.0,3.0,5.0,4.0,5.0,4.0,3.0,3.0,4.0,4.0,4.0,4.0,4.0,4.0,4.0,3.0,3.0,2.0,4.0,4.0,4.0,4.0,4.0,4.0,3.6666666666666665,3.8,3.25,4.0
P500,35,Male,High,Study,2.0,3.0,2.0,3.0,3.0,3.0,3.0,4.0,4.0,3.0,4.0,4.0,3.0,3.0,4.0,4.0,3.0,5.0,4.0,4.0,4.0,4.0,4.0,4.0,3.0,3.0,3.0,3.0,3.0,3.6666666666666665,4.0,3.75,3.0
